id	occurrences	char	shape_hex
g0	11662	理	6abffcbfbbac2cbbac2cbffcbfb3ac6ebffc2c6ba82ebffcbf6ba824aba900fffe000000
g1	10098	出	002c002c2c382c2c382eaeb82ffff8002c00382c2c382c2c3aaeac3ffffc38002c000000
g2	9868	実	002c00bffffebaaeae6ffff90aaea00ffff00aaea03ffffc2afba86bd2e92e00b8000000
g3	8982	監	2aa5803ffae93ae7fe3abb803ffaa93ae6fe2aa4002ffff82eebb86eebb9bffffe000000
g4	8916	面	6aaaa9bffffe00b4003ffffc3aebac3affac3aebac3affac3aebac3ffffc3aaaac000000
g5	8872	督	0ba6a80ba6acbffbb87ba2f46a6b6d0ffff00eaab00eaab00ffff00eaab00eaab0000000
g6	8132	画	bffffe6aaea93bffec3bacec3bffec3baeec3baeec3bffec3aaaac3ffffc38002c000000
g7	7904	充	002c003ffffc2aeaa801d0600286b42fffec1ae78001e38002d3896f43ae3902fd000000
g8	7882	処	0d06a01e0bf02ffbb07eebb0bcebb02eebb40bceba0b9d3c1fd4147efffd242aa8000000
g9	6870	植	0e6ae90ebffe3fa6e82ebbfc2fbbac3ffbacbebbfc2ebbac0eb6a80ebffe0ebaa9000000
g10	6798	何	0a6aa90ebffe2d00383caa38bcff383ceb382ceb382cff382c00382c01b82c00f4000000
g11	6784	当	0038002838281e38b40779d03ffff82aaab81aaab82ffff80000383ffff82aaab8000000
g12	6246	現	6a7ffcbfbaac0e3ffc0e3aacbfbffc6e7aac0e3ffc0e6ee8bf9ee9287cee0024bd000000
g13	5652	成	000ea01aaeb82ffffc2c0e002eab342ffbb42cb3e028b2d43af7e9b5afbd200d78000000
g14	5570	思	2ffff82eaeb82eaeb82eaeb82eaeb82ffff80198042ade282ec4ad7aeaed21ffd4000000
g15	5278	制	26c02c3ffaecbae6ec6aeaecbffeec2aeaec3aeeec3aeeec3aec2c3ae8ac02c0b8000000
g16	5172	新	0b06b8bffbe97aeb006eeba9bffbfe6bab38bffb381fdb387fab387b1e381b0638000000
g17	5002	速	25aba87afffc28aba400ebb868ebb8bcafe42cbfe42deb782e4610bbfffd20aaa8000000
g18	4874	振	0e3ffe0e3aa9bfbaa86e7bfc0e38000fbffebe7bb96e3bba0e77b86eb7ed3d2b88000000
g19	4616	私	6ac2807fd2c00b0380bfe3806f97401f8b102feb38bb4e2c2b0ebd0b7fee0b2908000000
g20	4598	色	03aa800bffc02e07807ffff82eaeb82c2c382ffff82eaaa42c00092eaaae1ffffd000000
g21	4522	分	00d70002d7800b82e07e00bd2aaaa80fffe000b0e000a0e001e0e01b8ae00e4bd0000000
g22	4366	司	2aaaa83ffffc00002c2fffac1aaa6c0aaa2c0fff2c0eab2c0fff2c0902ac0002f8000000
g23	4262	武	1aa3a82ff39d000380bffffe6aeba900e2c02cfed02ce8e42ce0b92efc7e3fa82d000000
g24	4244	洋	2874601e29e025fffc78aba81d6ba400bff80a03800ffffe2daba9780380240380000000
g25	4242	川	0e18380e2c380e2c380e2c380e2c380e2c381e2c382c2c382c2c38382c38181838000000
g26	4030	高	6aaea9bffffe0aaaa00eaab00ffff06aaaa9bffffeb2aa8eb3aaceb3ffeeb0007d000000
g27	3856	最	0ffff80eaab80eaab80ffff86aaaa96ebaa92ffbfc2eb3ac2eb2b86ffaf964b768000000
g28	3764	関	3febfc3aebac3aebac3febfc39d76c3affac3aaeac3bffec39aa6c3b82fc380038000000
g29	3610	言	0ffff86aaaa9bffffe0aaaa40aaaa40ffff80aaaa40ffff80e00380ffff80eaab8000000
g30	3456	違	242ba4782eb828fffe006aa868baacbc6ba82cbffc2cbba92eaba9bbfffd20aaa8000000
g31	3280	数	2396806bb6c0bffbfe2efbad77abac0746a8bffaf86eb4f07da2f86febad39ba48000000
g32	3242	顔	6baffebffae929dbfcbfffac7aebfc3febac3abbfc3febacba7bfcbaeaa9278a59000000
g33	3208	多	00baa006fff02f81e009bb806abd002faba81abffc0bf478002ee06aaf802ff900000000
g34	3024	限	bfbffcbbbaacb77ffcba3aacba3aacb77ffcb3bac8b7b9fdbb78b4b57fadb0ba58000000
g35	3022	果	1aaaa42ffff82eaeb82eaeb82ffff81aaea43ffffc2abfa80affe47fadbd182c14000000
g36	3012	本	002c00002c003ffffc2abea800bf0001ff800beee07f6cbd2affd801ae80002c00000000
g37	3002	効	0b02c0bffac06aaae92cebfe787ace69a6ce1fd28e0b838e1fe74e7d9bae240ab8000000
g38	2982	切	2c1aa92c2ffe2c938e6fe38ebe038e2c038e2c9b0e2eeb0e1fde0e002dae0018b8000000
g39	2894	際	bfba68bbbbacbaefecba7ef8bdbebdbaeff9bbaaa9bbfffebe2394b5b7adb1db49000000
g40	2794	立	0038002abaa83ffffc0001800b02c00742c003838002c74000eb006aaea9bffffe000000
g41	2758	込	246a4078bf80280380000380680bc0bc1fe02c2df02cb8b82ea024bbfffd20aaa8000000
g42	2756	山	002c00242c18382c2c382c2c382c2c382c2c382c2c382c2c3aaeac3ffffc38002c000000
g43	2728	代	0a0e740e0e282d0e003daffebeffa93c0b002c07802c03842c02d92c00fe2c0078000000
g44	2710	角	01ea8007ffc06faba87ffffc1eaeac0ffffc0e2c2c0ffffc2eaaac7801ac2400f8000000
g45	2710	部	0383febffbae6eb79d1da3a8bffbb86aa79d3ffb8e3abb9e383bbd3ffba43aa780000000
g46	2692	通	26fff879baf429afe802ebac6afffcbeebac2eebac2e8b7c2e4624bbfffd20aaa8000000
g47	2688	替	2b86e42b86e4bfeffc1f82f479eb6d2aaaa82ffff82eaab82eaab82ffff82eaab8000000
g48	2646	以	1800e02c80e02de0e02c78e02c18e02c00e02c02c02eb2e06f97787c2e1d002809000000
g49	2632	量	2ffff82eaab82eaab86aaaa96aaaa92eaeb82eaeb82ffff82aaea82aaea8bffffe000000
g50	2606	算	1ea7a97aefb92aeab40eaab00eaab00eaab00ffff06aeae9bffffe2b82c02e02c0000000
g51	2604	誠	bf00e96a6aedbfbffe6ab0e0bfbfe86abbee6abbbcbfbbb8bbeef6bfeaeeba619d000000
g52	2572	是	0ffff00eaab00ffff00eaab00ffff02aaaa83ffffc0e3aa41e3ff87fbaa925bffc000000
g53	2468	二	0000001aaaa42ffff80000000000000000000000000000006aaaa9bffffe000000000000
g54	2458	計	3fc0e02a80e0bfe0e06aaae93feffe2a80e02a80e03fc0e03ac0e03fc0e03a80e0000000
g55	2456	今	00280000be0006d7906f41f92bffe806aa901aaaa02ffff00001d0002b80002e00000000
g56	2420	結	0d02c06c2ae9ba7ffe3f42c02e6ffc7e9aa8beeffc2a6eac7bac2caaeffc5eaeac000000
g57	2336	村	0b00380b00383feffe2b9ab90f86382feb387b47b81b02380b00380b01b80b00f4000000
g58	2332	良	0038002ffff02eaab02ffff02eaab02eaab02ffff02c2db42c0be06ef2e9bea06c000000
g59	2320	縮	0d03806cbffebabaae3fabfd2e6ae87ebbfcbeebac2a6bfc7babacaaebfc5eabac000000
g60	2314	役	026ff00b6eb92d3cba26b87d0b6aa82e3ffcbe1d2c1e0e780e07f00e6fb90e2928000000
g61	2306	水	002c00002c002aac183fee7d02eff403afd00b6ee01e2cf47d2c7d24ac1800b800000000
g62	2258	報	0b0ffe3feeae2b9ebebfee286edffe2edeee3feeee6b9eacbfee780b0ebd0b0ed9000000
g63	2230	適	25aba87afffc29bae802ebac6aefecbedbac2eeeec2edafc2f8064bbfffd20aaa8000000
g64	2228	追	240a0078fff828eab800fff868eaa4bcfffc2ceaac2cfffc2eaaa8bbfffd20aaa8000000
g65	2178	社	0b02c00b02c03fe2c02aeae802dffc1b82c0bfa2c02b12c00b02c00b1ae90b2ffe000000
g66	2162	楽	1028043affac1eebb406ff906febf92affa82aaea83ffffc02ff906fadb9282c19000000
g67	2140	張	bfaffc6baea803aff83faea43a6ff87a6ea9bfbffe03aeed03acf82baf7d2e7a18000000
g68	2080	細	0d1aa96c2ffeba6ece3f6ece2e6eee7eaffebeeece2a6ece7baeeeaaeffe5eac0e000000
g69	2080	描	0e0e380ebffebfeeb96eaeb90ebffe0ffacebe3ffe6e3aee0e3ace6e3ffe3d3aae000000
g70	2080	園	3ffffc3abaac3affac3abaac3aaaac3aebac39feac3bfbac3ab2ac3ffffc3aaaac000000
g71	2064	覚	1964640b2de0bffffeb6aa9e6baae90bffe00baae00baae00bffe406ebae7e87fd000000
g72	2022	慮	003ff02ffaa82ebaac2efaa82dbff42eebb82eebb83daaa43ebb4dbbbaba2a7fe5000000
g73	2008	極	0e6aa90ebffe3f9e692e5bbe2fbb9e3febedbeabb82ebbbc0e1fee0e6fa90ebffe000000
g74	1934	来	002c002aaea83ffffc0a2c64076de0bffffe6abfa906ff906fadf9292c28002c00000000
g75	1888	常	0a2c646baef9bffffeb6aa9e6baae90bffe006ba902ffff82ebab82c39f81838a0000000
g76	1880	名	00b00001fff81baab40ae2e0047f8006f9007ffffc1baaac0b002c0bfffc0baaac000000
g77	1870	苦	02c380bffffe6aeba901ae40bffffe6aaea91aaea42ffff82c00382ffff82eaab8000000
g78	1826	話	3feafd2a9fe9bff2c06aaffe3feae92a9ae82a9ffc3fee2c3aee2c3feffc3a9eac000000
g79	1808	岡	3ffffe3aaaae3ad78e3aefae3ffffe3a6c9e3bacee3baeee3bffee38006e38003d000000
g80	1790	番	6aabf83ffeb80b6de43ffffc2beee87e2cbd2ffff82eaeb82eaeb82ffff82eaab8000000
g81	1776	観	2ea3fc7ff3ac6ba7fcbffbac1ee7fc2ee7acbff3fc2ee2b82ee2b92ffb7a2eaa2d000000
g82	1720	労	1964600f3cb46aaae9bffffeb0240e1abaa82ffffc00b02c02e02c6f86bc2903f4000000
g83	1712	田	1aaaa82ffffc2c2c2c2c2c2c2eaeac2ffffc2c2c2c2c2c2c2eaeac2ffffc2c002c000000
g84	1664	由	002c00002c001aaea82ffffc2c2c2c2eaeac2ffffc2c2c2c2c2c2c2ffffc2eaaac000000
g85	1660	短	2c2ffe2eaaa93feaa87b8ffc138e2c3feeac2b9ffc0b8a241eeb387caab9242ffe000000
g86	1656	肩	3ffffc2aaaa82ffff82eaab82eaaa42efff82eeab82eeab83afff8bac2b822c2f4000000
g87	1652	加	0e00000e02a93ff3fe2eb38e0eb38e0eb38e1db38e2cb38e28b3ae7af3fe23d38e000000
g88	1648	任	0280a407bff80b2b802e03807e03806efffe0eaba90e03800e03800e6ba80ebffc000000
g89	1642	軽	0b2ffcbfeaac6b9b78bfe2f4bbabbdbbaa18bfe0e06b9ffcbfeae86baae90b2ffe000000
g90	1634	波	1d02c00bbffe22baee78b2c91dbffc00bbac0abb280eb7b42da2e078ebf9246e2c000000
g91	1622	他	0a03800eb3802db3bc3cbfecbefbac3db3ac2cb3b82cb3802cb0092cbaae2c7ffd000000
g92	1620	平	1aaaa42ffff8093c600a3ca0077dd06abea9bffffe003c00003c00003c00003c00000000
g93	1612	豊	1aeba42eebb82ffff82eebb81aaaa43ffffc1aaaa42eaab82ffff86baae9bffffe000000
g94	1596	験	bfe2d0bb9bb4bfed2dbb9ff8bfcae4bb9ffcbfeeec59affcaea2d0aeabb453ed28000000
g95	1548	素	2abaa83ffffc0abaa00abaa0bffffe6abba90bebb06afeb83fffe82b79e8293868000000
g96	1532	元	0aaaa00ffff00000000000003ffffc2aeba802c38002c3800783896e03ae2802fd000000
g97	1508	嶋	0e1ae80e2eacaeeffcaeeeacaeeea8aeeffeaeeea9aeeffebfd65eaaabae503bad000000
g98	1508	滋	28a0741ebaf912fffeb4a0a025a9a803efed29e9e82cb8b838acacb5fefe72eaea000000
g99	1498	為	1d2c000e28006bbaa0bffff002eab407fff80baab92ffffe7444ae2ade6e24967d000000
g100	1468	某	0b00e03ffffc2baae80bffe00baae006ae903ffffc2affa81beee47e6cbd142c04000000
g101	1468	読	3faae92a7ffebfdae86aaffc3faaa92a7ffe2a799e3faee93a9ee43fbcee3a74bd000000
g102	1466	想	0386a93ffbfe2febae1ffbae7babfe278bae024aa92aee182ec9bc7aeaee21ffd9000000
g103	1444	逃	242ec079aed829fef8006ed068bee8bdeedd2cbee82df6fc2e90a4bbfffd20aaa8000000
g104	1440	聡	bfebb07aee383aeadd3fc7643adefd3fef993ac9843adaed7ffa597aeeb802cbf4000000
g105	1438	引	3ff8382ab8381ab8382ff8382c00382ea8383ffc38002c38002c380abc380bf438000000
g106	1426	個	0afffe0eebae2deb9e3cefeebceb9e3cefee2ceeee2cefee2cea9e2cfffe2ceaae000000
g107	1420	版	278ffc3b8ea83b8e003feffc3a9eec3a8eec3fceec3aceb87adeb4b2eeed22c998000000
g108	1420	国	3ffffc3aaaac3bffec3abaac3abaac3bffec383a6c3bffec3aaaac3ffffc3aaaac000000
g109	1410	誰	3fca742a8ea0bfeffe6abeb93feffc2a8eb82a8eb83fcffc3aceb03fcffe3a8ea9000000
g110	1386	海	28baa91ebffe26eaa87abffc1db3ac02fffe0abbad0ebbad2dfffe7896b82403f4000000
g111	1386	記	3feaa82a9ffcbff02c6aa02c3feaac2a9ffc2a9e003fee043aee0e3feeae3a9bfd000000
g112	1382	如	0e00000e0bfe3ffbae2ebb0e2cbb0e38eb0e39eb0e1f8b0e1fdbfe7dbbae241609000000
g113	1380	種	6b6afc7e6b800ebffebfaba86e7bac2f7ffc3fbbacbe6ba86e3ffc0e6ba90ebffe000000
g114	1374	会	00280000be0006d7906f41f92bffe806aa906aaaa9bffffe0781e06fabf83ffa78000000
g115	1372	小	002c00002c00002c00052c500b2ce01e2cb42c2c38782c2d102c0401ac0000f800000000
g116	1370	図	3ffffc3abaac3f6a6c3a5aac3be7ac39be2c38af6c3ae6ec3aaaac3ffffc38002c000000
g117	1364	哉	2aeadc3ffece02c2c4bffffe6aaae92aa6ec3ff9f83838f83ab9fa3ffbfe38075d000000
g118	1340	目	0aaaa40ffff80e00380ffff80eaab80eaab80ffff80e00380eaab80ffff80e0038000000
g119	1312	衣	002c00002c00bffffe6afba902eb241bc7f8bec2d026c1e002d8b81afc2e1fa008000000
g120	1290	仕	0283800783800b03802eaba97efffe6e03800e03800e03800e03800ebffc0e6aa8000000
g121	1290	始	2c03402c07543fca282eeebd2eefad3a80003baffc2f2eac1fac2c7deffc242eac000000
g122	1260	心	00740000be40000a0004e0200de0b82ee03c3ce02e78e04810e0e000eae000bfd0000000
g123	1230	世	0938e00e38e00e38e0bffffe6ebae90e38e00e3ae00e3fe00e00000ffffe0eaaa9000000
g124	1222	重	1abff40aac00bffffe1aaea42eaeb82ffff82eaeb81aaea42ffff86aaea9bffffe000000
g125	1218	足	0ffff00eaab00e00b00ffff00aaea0002c000e2ff80e2ea42e2c007feea925bffc000000
g126	1206	考	002c000fffdd0aaeb8bffffe6abfa906faf8bfeaa426fff803aab8002ab4002fe0000000
g127	1186	念	00280002ff806febf929aa680bffe006aad00007802aee182ec9bc7aeaee21ffd9000000
g128	1186	首	0282806aeba9bffffe0abaa00ffff00eaab00eaab00ffff00eaab00ffff00eaab0000000
g129	1144	呼	006ab8bfbfe8bb26c9bb2addbb1ee8bb6ae9bbbffebb02c0bf02c0b00ac0000b80000000
g130	1144	下	6aaaa9bffffe00b00000b10000b78000b2e000b0b400b01000b00000b00000b000000000
g131	1134	響	1dbefe7abaed2ebae9bffaee1baae82eaea46aeae96aaaa90eaab80eaab80ffff8000000
g132	1130	闘	3febfe3aebae3aebae3febfe3aa08e3aabee3bb4ce3bface3aa1ce3af7ee3a417d000000
g133	1118	伝	02aaa807bffc0b00002e6aa97ebffe6e0b000e0e100e2d780e38bc0ebffe0e6a48000000
g134	1106	程	6acaa87fdffc0b0e2cbfeffc6f9aa81faffe2feae9bb6ffc2b1ae80b2ae90b3ffe000000
g135	1100	情	0b1ae82b1ae83baffc3beae9abaaa9ab2ffc1b2eac0b2eac0b2ffc0b2cac0b2cb8000000
g136	1092	究	002c00bffffebaeaaeb2d39d2fa3fc29b1a42fffc01abac401e2ce6b82ee2e01fd000000
g137	1092	研	2a9aa93feffe0e0b382c0b382fdbb97eeffe7ecb382ecb382ece382fde382c0838000000
g138	1086	遊	24b0e079bafe2afee900e9bc68fe6cbceeb92ddffe2eeeb82eadb4bbfffd20aaa8000000
g139	1086	説	be6428692db4bf3ffc6a3aacbf382c6a3ffc6a2ee8bf1ee0bb2ce9bfb8eeba60bd000000
g140	1084	君	0aaaa00ffff06aeab9bffffe1aeab02ffff00beaa42ffff877803803fff803aab8000000
g141	1084	聞	3febfc3aebac3aebac3febfc3aaa6c3aeb6c3aff2c3aeb2c3aeb2c3bffac380bb8000000
g142	1060	口	0000003ffffc3aaaac38002c38002c38002c38002c38002c3aaaac3ffffc38002c000000
g143	1060	主	00b4000028003ffffc2aaea8002c001aaea42ffff8002c00002c006aaea9bffffe000000
g144	1040	態	1d9ba87feb99295bfe3fe2a83aeba83aeb993aebfe25aaa82ade587aeaee25ffd9000000
g145	1040	許	3fce002a9ea8bffffc6aa8e03fc4e02a9ae92aaffe3fc0e03ac0e03fc0e03a80e0000000
g146	1018	士	002c00002c00002c00002c00bffffe6aaea9002c00002c00002c002aaea83ffffc000000
g147	1016	再	6aaaa9bffffe1abaa42ffff82c38382ffff82ebab86ebab9bffffe2c02b82c02f4000000
g148	980	正	2aaaa83ffffc002c00092c000e2c000e2ff80e2ea40e2c000e2c006eaea9bffffe000000
g149	966	反	2ffffc2eaaa82c00002ffff02eeab02ce0b02cb4e0282ec0381f80bafaf9239068000000
g150	944	信	029aa8079aa80b3ffe2e2aa97e2ffc6e1aa80e1aa80e2ffc0e2eac0e2ffc0e2eac000000
g151	944	英	6aeba9bffffe019a400aaea00ffff00e2cb0bffffe6abea902ff806f96f92e00b8000000
g152	942	担	0e2aa80e3ffcbfb82c6e7aac0e7ffc0fb82cbe382c6e3ffc0e2aa86e6aa93dbffe000000
g153	938	壁	3feae83aeffc3febb93a9ffebfeae8beeffc6fe0e02aaea83ffffc6aaea9bffffe000000
g154	934	和	6ab0003fa7fe0383ae3ffb8e2fe78e1fe38e2bb78e7b938e2383fe0383ae038249000000
g155	928	節	0ba7a92ffffe79da742aa2a93ff3fe3ab38e3ab38e3ff38e38a3ae7ff798be7780000000
g156	906	廃	2aaea93ffffe3aaa503abfe93bb5fd3bfffd3abad83bfffe76bae9b2f6ee2291fd000000
g157	906	忍	3ffffc2bbaac0bb42c06f92c7f69fc1804a415ad042eca683ec4edbaeaed21ffd4000000
g158	896	語	3feffc2a9ae8bfeff86a9bb83febb92abffe2a9aa83feffc3aec2c3feffc3aaeac000000
g159	892	鳴	002ba8bfbaacbbbffcb3baacb3baa8b3bffeb3baa9bbbffebfa59eb07aee00baed000000
g160	874	残	3fcb782e8bb81e2ffd2fdba43adff8becba82baffd0b5ae81e02f87d2bfa241e3d000000
g161	856	随	bf90e0bbb7feb77ae9ba16feba0beeb7beeeb3aefeb7aedebb6e88b5bffdb062a8000000
g162	846	掛	2c2cb02cbfb0bf6eb06eaeb02efff82f18bdbcaeba6cffb42c2eb06cffb038a4b0000000
g163	828	配	bffbfc6ee6ac6ee02cbff02caeb6acbdfbfcaabb00bffb04babb0ebffbaeb007fd000000
g164	798	僕	0a6ee80e6ee82dfffe3caeb9bcfffe3c6ba82cbffc2caba92cfffe2caef92cb86c000000
g165	796	予	0fffe00aabd000ab40007d00bffffe6abaad00387800382400380002b80002f400000000
g166	796	法	1d03800b438022bffc786ba81d038000fffe0aaba90e0e282d2d2c78befd24bfad000000
g167	792	右	003800003800bffffe6abaa900e00002eaa46ffff83b803803803803fff803aab8000000
g168	784	況	28bffc1ebaac25b02c78b02c1dbffc006ee80a2ce00e38e02db4e97ae0ee2580bd000000
g169	776	給	0d02d06c07e0ba6e7d3fbead2e5ff87e9aa8beeffc2a6c2c7bac2caaeffc5eaeac000000
g170	776	乗	1aaae00fffa02aaea82baee8bffffe6baee93ffffc2affa81beee47e6cbd142c14000000
g171	774	背	2acba83fcbe86acbae3ac7fd0aaaa00ffff00eaab00eaab00ffff00e06b00e03e0000000
g172	764	密	002c00bffffebabaae6aeba93aeeac2bfae418ae802c2c382c2c382ffff82eaab8000000
g173	760	供	0a38e00e38e02dbae83cfffcbc38e03c38e02efffe2daaa92c38b02cb4782c6024000000
g174	756	犬	002ca0002c742aaea83ffffc002c00003e0000bf0001fb8007d2e06f40b9290028000000
g175	756	圧	3ffffe3aaaa9380b00380b003aaba83bfffc380b00380b00740b00bbfffe26aaa9000000
g176	752	頂	6abffebfeba90e2ffc0e2eac0e2ffc0e2eac0e2ffc0e2eac0e2ffc7e6e7928392c000000
g177	742	左	00b0002abaa93ffffe01d00002800007fffc0aaba82d0b00780b0066aba90bfffe000000
g178	740	相	0386a9038bfe3ffb0e2bebae0bdbfe1ffb0e7babfe278bae038b0e038bfe038bae000000
g179	740	強	6a4768bf8a6c03bffe3f9ac83a7ffe7a7aeebfbaee03bffe0382d82baaed2e3fed000000
g180	732	集	0b07400ffffc2eaea4beaea41ffff80eaea80aaea83ffffc2bffe86fadb9282c19000000
g181	728	普	0782d03ffffc2eebb81eebb4bffffe6aaaa92ffff82eaab82eaab82ffff82eaab8000000
g182	718	危	03aa900bffe07faae92ffffe2daaa02efff02ec0b02ecbe03ac689b6eaae21fffd000000
g183	718	壊	2c6ae92cbffe2c6ae9bfbaee6ebaee2c6ae92cbffe2f6eedbefeb9a46fad002a58000000
g184	714	取	bfeaa87adffc3ac62c3fcb2c3ac7683fc3b83ac2f03ac1e07fc7f47aef6d02d918000000
g185	704	殺	25d3f06fe3b41f97ba79ebbe1b4628bfeffc6f9abc2fdbb8bfa2e02b2bf90b0a2c000000
g186	704	景	2ffff82eaab82eaab82ffff86aaea96aaaa92ffff82eaab81baee47eadbd24b818000000
g187	692	雄	0e0d240e1e78bfeffe6ebeb93baffc3b8eb8bb0eb82aaffc2eaeb02fbffe145ea9000000
g188	692	握	2cbffe2cbaaebfbffe6ebaa92ebffe2fbbadbcbbe96cb6e82cebfc6ceae9386ffe000000
g189	690	棄	6aaea9bffffe075ab03ffab86eaeb96eaeb90ffff02aaea83ffffc6beee9792cad000000
g190	688	悔	0e2ea91e2ffe3bbaa83beffc6a6cec6ebffe0e6ead0e2ead0e3ffe0e25b80e00f4000000
g191	684	依	0a03800e03802dfffe3cafe9bc2ed03c7ced2efcb82cacb42c2c382cafae2cba48000000
g192	684	諜	bfaeb86a7ffebfeeb96aaef8bfaea96a6ffe6a6ae9bfbffeba9bf8bfbeedba56c4000000
g193	682	攻	000a00bfeb006e9ffe0e2ead0e7e280e2bb80e03f00e92e0bfe7f8696e2e002808000000
g194	676	胆	3fdaa83aeffc3aec2c3feeac3aeffc3aec2c3fec2c3aeffc7adaa8b6eaa923bffe000000
g195	674	様	0e1d280e3ffebfeae96eaffc2f5ae87ffffe6e6ae91e2eec0e2ef40e7aed0e1788000000
g196	674	日	0ffff00eaab00e00b00e00b00ffff00eaab00e00b00e00b00eaab00ffff00e00b0000000
g197	672	盾	1aaaf42fffa82eaba92ffffe2daba82eeaac2efffc2aeaac3aeaacb6fffc22eaac000000
g198	672	沢	28bffc1ebaac25b02c78baac1dbffc00b0e00ab0a00eb0b02de0387ae02d248018000000
g199	672	死	2aaaa83ffffc0b03800bfb841ebb9d7d77f87bb3e012e3800b83896e03ae2802fd000000
g200	664	肘	3fe0383ae03838effe3feab93ae6383ae7783fe2b838e13878e038b2e1b822d0f4000000
g201	656	娘	2c02c02c2ffc3feeac2eeffc2eeeac3aaeac3baffc2f2edd1facf87dff79243e28000000
g202	656	局	2ffffc2eaaac2ffffc2eaaa82ffffc2eaaac2effac2ec3ac3affacb802ac2002f8000000
g203	654	等	0ba7a97ffffe25ed741abaa42ffff86abaa9bffffe2aaae83ffffc079ac0014f80000000
g204	652	先	062c000baea41ffff8282c00002c00bffffe6aeba902c3800783896e03ae2802fd000000
g205	652	清	286ba81e6ba825bffc78aba91daaa900bffc0abaac0ebaac2dbffc78b0ac24b0b8000000
g206	634	憶	0e6ba81e6eb83baeb93baaa96abffc6ebaac0ebaac0e6ba80ebbad0fbaba0eaff4000000
g207	632	矛	0ffff00aaae000a780007e00bffffe6abead02fc786fac24282c0002ac0002f800000000
g208	632	断	62c2a8bae7f9bbf780b6d3a9bffbfebbe7b8bbf3b8beef78b6db38bffe38baa638000000
g209	624	築	0ba7a97ffffe25d9743fcff02b9eb97feefe2818683ffffc2bffe86fadf9282c29000000
g210	624	綿	186ab0a8bfb0ba3abe3ebbad2abeec7b6cacbeaeb82ebf386f6cbcaeafae6dbe89000000
g211	620	判	12c40e3aceee2eecee0ad4ee3ffcee2ae8ee6ae9eebffeee02c00e02c06e02c03d000000
g212	612	年	0e00001ffffc2eaea87aaea413fff8038e00038e00bffffe6aaea9000e00000e00000000
g213	610	組	060aa82e0ffcb98e2c2f8eac1e8ffc7ede2c3faeac2a8ffc7ade2caaaead5e7ffe000000
g214	600	基	2baae83ffffc0baae00baae00bffe06baae9bffffe6b59e93bffec2aaea83ffffc000000
g215	596	険	bf0b80bb6ee4baf42dba7ff4bd2ba0babffcbbb3acbbbffcbe0bd0b5bef9b06428000000
g216	586	編	0d2ab86c3fe9ba7aa93f7aae2e7ffe7ebaa9befffe2a7eba7bbbfeaafaba5e6a69000000
g217	586	崇	242c183ffffc2aaea8bffffebaaaae0ffff02aaaa83ffffc1a2de079acb810b810000000
g218	578	西	bffffe6aeba92aeba83ffffc38eb2c39db2c3acbac3f87fc39002c3ffffc3aaaac000000
g219	576	筋	0ba7a92ffffe79da742a92903feae93aeffe3fe2ce3ae28e3fe38e76eb6eb2da3d000000
g220	574	式	000b74000b2c6aaba9bffffe000b403fe7802b93800b02c80ba1eebff0fd680078000000
g221	572	単	1c74341e38b41faef42ffff82eaeb82eaeb82ffff81aaea4bffffe6aaea9002c00000000
g222	570	比	0e0b000e0b000e0b000e0b140ffbf80eab900e0b000e0b000e6b096ffbae3a47fd000000
g223	568	枢	0b3ffe0b3aad3ffb5e2bbaec0fb8b42ff8f87b6ade1b3f8d0b3a040b3ffe0b3aa9000000
g224	568	質	2ad6b83fabe93aaba97aebb972ca382ffff82eaab82eaab82eaab81bffe47e82bd000000
g225	562	問	3febfe3aebae3febfe3aebae3a96ae39aa4e3aeb8e3aeb8e3aff8e38006e38003d000000
g226	560	頼	0b0ffebffae96babfc3febac3babfc3babac3febfc1f8bac7febfc2b6b690b0a19000000
g227	552	凝	12eefeb6f9ae2aeaad01bd7802aafe0bfdba2fbab92efebe78b6b822eff901877c000000
g228	546	緒	0d03806c2b9dba7ffe3fabad2ebffe7eabe8bebffc2aeeac7baeacaaeffc5eaeac000000
g229	536	佐	0a0b000eaba92dfffe3c0e00bc2c003c3ffc2cbae82ed2c02c42c02c6ae92cbffe000000
g230	536	資	783aa828bffc049b682d6fe079f4bd2ffff82eaab82eaab82eaab81bffe47e82bd000000
g231	534	稼	6b6ae97e7ffe0e3aaebf8ff86e6b842f6aec3fabb4be6af86e2bee0e2ee80e03d0000000
g232	532	焦	0b07400ffffc2eaea8bffff81eaea40ffff80eaea80ffffc1496142ceb6c64b34d000000
g233	524	芳	6aeae9bffffe02dac06aaea9bffffe02c00002fff807aab80b00387d0ab8240be0000000
g234	516	決	1d0b000b6ba4223ff8780b381d0b3800bffe0a6ba90e0bd02d2ef478b87d246018000000
g235	504	経	062ffc2e1eacb98b782f82f41e9bbd7eda183fa0e02a8ffc7adae8aaaae95e6ffe000000
g236	500	進	24b4a078fae82afffc02fae469bae4bcbff82cbae42cbffc2eaaa8bbfffd20aaa8000000
g237	498	着	0782d03ffffe1aaea81aaea8bffffe2daaa82eeaac2eeaac7afffc72eaac12eaac000000
g238	496	兼	078780bffffe6aeba92ffff86aebb9bffffe1aebb81bebe41bebe47deb7d14eb14000000
g239	496	莢	6aeba9bffffe019a406aaea9bffffe0e2cb02f6df8266d9801be406fd7f92e00b8000000
g240	486	聴	bfeae97bbffe3baae93fbffe3bbbae3fbffe3baae93baba87fbb6a7beba90387f4000000
g241	484	内	002c00002c003ffffe3aaeae383e0e38bb4e3bd2ee3a409e38000e3800ae3800bd000000
g242	484	各	00b00006ffe02faad01ad2c000ff406bebe93faafc0ffff00e00b00ffff00eaab0000000
g243	476	甲	1aaaa82ffffc2c2c2c2ffffc2eaeac2c2c2c2ffffc2eaeac182c18002c00002c00000000
g244	474	削	22c82c7adeec2eeaec2aeaec3ffeec3aaeec3ffeec3aaeec3ffc2c386cac3838b8000000
g245	474	勝	3faba83babb83babb83ffffe3baeb93bfbae3faba87baff8b38b3877aeb82758b4000000
g246	470	俺	0a0b000efffe2dbef93efa79bdeba83cebb82cfff82cebb82cfff82cebae2c07fd000000
g247	470	羽	6a96a9bfebfe20e20e78e78e1de1de01e01e0be0be2de2de74e74e0ae0ae0bd0bd000000
g248	464	樹	0e2c2c0ebfac3faebe2ebfad2f6a6c3ffbecbebfbc2e636c0e7b6c0e7bac0eba78000000
g249	464	同	3ffffc3aaaac3aaaac3bffec38002c3affac3aebac3aebac3affac3800ac3800b8000000
g250	462	落	6aeba9bffffe15a6402dbff809feb8395ee06ebef904fabc1ebff878bab820bff8000000
g251	458	次	103400797aa81fbffc01f62c01eb38064b280b0f802e2ed07878e025f47d009018000000
g252	456	得	026ff80b6eb82d2ff8266eb80b5aa42e3ffcbe2ab81ebffe0e6ab90e1ab00e02e0000000
g253	456	斐	6aeba9bfebfe2aeba82aeba86febfe24aa003ffffc2baae802eb806bffe93e42bc000000
g254	452	車	2aaea83ffffc1aaea42ffff82eaeb82eaeb82ffff81aaea4bffffe6aaea9002c00000000
g255	448	澄	28fe741eafe912befdb6fab825da9d00bff828bab82cbff8387ab4b5aee972fffe000000
g256	444	差	0782d03ffffc2aaea82ffff81aaea4bffffe6baaa90bbff82e6ba47aaba913fffe000000
g257	442	火	0038000038002438247838782d38b008786000bd0002ef400b87d07e01f9280028000000
g258	442	利	6ab80e3feace02c2ce3ffece2beace0ff6ce2eeace7ad2ce26c00e02c0ae02c0bd000000
g259	440	奴	0e0aa80e0ffc3ff62c2ebb2c2cb76838e3b83ad2f01f81e00bd7f47ebf6d242818000000
g260	436	難	6ee6cdbffaed2ee7fe3bbbb93bbbfe2ba7b93ff3b96ba7febffbb86ee7fe24a3a9000000
g261	428	両	6aaaa9bffffe2abaa83ffffc38382c3bbaec3bbaec3bbaec3bffec3800ac3800b8000000
g262	426	然	0ea2e81ff2dd2ebae9baeffe2ed3e00b8bf06e1e78282d2d1404182ceb2c64b34d000000
g263	424	助	2a92c03fe2c038e6e93febfe3ae2ce38e2ce3fe28e3ae38e3ae74ebffbae6806b8000000
g264	422	敏	2ea4d02ff9e0baa6fe6ffbee2cebeebffded6eb8bc2eb8b83ffdf825b7ee00e248000000
g265	418	五	2aaaa83ffffc0038000074001abaa02ffff000e0b002c0b00280b06baab9bffffe000000
g266	408	望	0b0bfcbffbac6eabac2c0bfc2feb6c0a96383ffffc2aaea82ffff86aaea9bffffe000000
g267	404	飛	3fffe82aaae42b7ae82f7aed0b38b83fffed2bbad80a3aed1e3ac86c3aee2438b8000000
g268	402	受	6aaaf83fffa92d382c6eaeb9bffffebaaaae0ffff002d2d000bb406bfbe93a81bc000000
g269	400	直	6aaea9bffffe26aea03bfff03baab03baab03bfff03baab03aaaa03ffffe3aaaa9000000
g270	398	階	bfb8e4bbbefeb779e4babeeebab9bdb74740b3bffcb7baacbb7aacb53ffcb03aac000000
g271	392	径	027ffc0b6eac2d1e782647e00bafb92e2928be02c01e3ffc0e2ae80e6ae90ebffe000000
g272	392	転	0b06a8bffbfc6ba000bffaa9bbbffebbb2c0bff3846ba7a8bffb2c6baffe0b0a88000000
g273	390	市	003800bffffe6abaa90038002ffff82ebab82c38382c38382c39b82c38f4003800000000
g274	390	男	2ffff82eaeb82ffff82eaeb82ffff8002c003ffffc2abaac02e02c6f86bc2903f4000000
g275	382	倒	0aaa0e0effae2db5ae3deaaebefbae3c38ae2cbaae2cffae2c380e2dbfae2efa6d000000
g276	382	技	0e02c00e2ae9bffffe6e82c00ebffc0feeb8be1e746e0bb00e03e06e6fb93d2928000000
g277	380	臨	bfeba9bbaffeb3aea8bfebacbaebfcb0e6a8bfefbebb9ebab38ebabfefbeba9e7a000000
g278	378	察	6aaea9bffffebb91ae1fbef8baeea01f86f97effe86aaaa96aaee96eade474b82d000000
g279	376	些	02c3802ec3a82efbe82ee7842ee78ebffbfe6901a80ffff00aaaa06aaaa9bffffe000000
g280	374	裏	2aaea82aaaa82ffff82eaeb82eaeb81aaea42ffff86aaea96befb9baebf40be4bd000000
g281	372	採	0e2ab80e2fedbfea9d6e99980e82c00feffcbe1bf86e0bf80e7eed6e26c43d02c0000000
g282	370	終	0d0e006c2ff8babeb83f5ab02e47e07eafb9beea282a43d07b8980aadfa05e82a0000000
g283	368	修	0a2ea90e3ffe2ebe383e97f4bebfbd3e99a82eafa02e8ab82eafa82daefd2c2f90000000
g284	362	達	246ba4786ba428fffc00bae868fffcbc6ba42c6ba42cfffc2e4b00bbfffd20aaa8000000
g285	362	返	24aabc78ffe928eaa800fffc68ee38bcebb02ecbe42dee7d2e9404bbfffd20aaa8000000
g286	360	俯	0aaba90efffe2de5183ceb2cbceefe3cfead2cfeac2ceebc2dde6c2ece6c2d8e38000000
g287	360	選	26faf879b9b82aeae801f9f868bae4bcbae42efffc2dbab82eb8b8bbfffd20aaa8000000
g288	358	傷	063aa90bbaa90e7ffc2e3aac7e3aac6e2aa80efffe0ebaa90eeeee0e7aee0e1a7d000000
g289	358	排	2c0ee02c6ee9bfbefe6e0ee02ebefc2f6ee8bc6ee96cbefe2c1ee06c6ce03824e0000000
g290	356	走	002c002ffff81aaea46aaea9bffffe002c00092ff80e2ea42e6c007feea925bffc000000
g291	356	層	2ffffc2eaaac2ffffc2c75d02efffc2eebac2eebac2daaa838eab8b8eab820fff8000000
g292	352	瞰	69fea0beb9b0bababebfffedbaeeecbaeeecbeeeb8baeeb4beeeb8baeeee600e88000000
g293	350	白	00a0001aeaa42ffff82c00382c00382ffff82eaab82c00382eaab82ffff82c0038000000
g294	342	放	0b02802ba2c03ff3fe2c0bad2fff6c2eb7b82cb2f02cb1e038b2f8b6bb6e22d908000000
g295	342	第	0ba7a92ffffe79da742ffffc1aaeac2ffffc2eaea93ffffe06fc6e7fac3d182c00000000
g296	340	繰	0d2ffc6c2eacba5aa83f7fbe2e7baa7eaaa9befffe2a6be97b8bf4aaeeed5e96c8000000
g297	338	換	2c2ea02cfff0bfbae86ebffc2ebaec2fb9acbcaba96cfffe2c0bd06cbdb9387428000000
g298	332	悪	2aaaa93ffffe1aeba82eebac2ffffc1aeba8bffffe6aaea92adeec7aeaee21ffd9000000
g299	332	類	2b5ffe7feae96babfc6febacbbbbfc161bac6babfcbffbac1f8bfc7eeaa9249a59000000
g300	328	側	0aff0e0eebae2debae3cffaebcebae3cffae2cebae2cffae2caa0e2deb6e2c922d000000
g301	328	独	1982c02fc2c01f6ffe7faeee27aece07eeee2feffe7ac2c412c2dc1b9afe0e6fed000000
g302	328	野	bfebfcbba6bcbfe7b4bba2e4bfeffe6b9aee6b90fcbfe0e80ba0e0bfe6e06903d0000000
g303	324	木	002c00002c002aaea83ffffc007e0000bf4002ffd02fadf87e2c7d142c14002c00000000
g304	324	低	0a6ab80ebfe82db2c03cb2c0bcbffe3cbae92cb0e02dbea42ee9ba2caabe2cffdd000000
g305	310	氏	1aabe02ffea42c0e002c0e002ffffc2eaba82c0b002c07442c278d6ffaedbe80b8000000
g306	308	凄	01aba926fffe2daba408abb802fffe04abb81eaba42efffe3878a075afe910f96c000000
g307	304	択	0e3ffc0e3aacbfb82c6e7aac0e7ffc0fb8e0be38a06e78b00eb0386ef02d3d6018000000
g308	298	術	092e691d2e7e78ff8066aea91eaebe7cef2c7cef6c2deeac2eaeac2d6c6c2c2c38000000
g309	292	命	00280000be0006eb906febf92affa80aa6a40ffbf80ebb380ffbb80eab60000b00000000
g310	290	脱	3fa8283b9db43bbffc3fbaac3bb82c3bbffc3faee87b9ee0b3ace977f8ee27a0bd000000
g311	288	万	6aaaa9bffffe02c00002eaa402fff802c0380380380740380b00387d06b42403e0000000
g312	284	恐	6a7ff0bfbab00e3ab00e7bb9bff6ba64a07d0014002aee182ec9bc7aeaee21ffd9000000
g313	280	早	2ffff82eaab82ffff82eaab82ffff81aaea46aaea9bffffe002c00002c00002c00000000
g314	276	官	002c00bffffebaaaae6fffe90eaae00fffe00eaa900ffff00eaab00ffff00eaab0000000
g315	274	負	02ea401bff807eafa42ffff82eaab82eaab82ffff82eaab82ffff86f82f93e41bc000000
g316	268	絞	0602c02e1ae9b9affe2f8a741e9d287ef92d3fab782a87e07ad2e0aaafb95e6d28000000
g317	266	怨	0ea6a82ffbfc7dbb2c1bab780bcb0d7e4bfe2406a82aee182ec9bc7aeaee21ffd9000000
g318	264	務	3feba92aeffe1aee381f9bf4bffaf96fba6c2feba87f4ffc7b07ac2b2fac1e18b8000000
g319	262	型	3ffd8e2ebace6ebacebffece1eb18e2cb07e042c282ffff81aaea46aaea9bffffe000000
g320	256	末	0038002abaa83ffffc0038001abaa42ffff801fe0007ff906f7af9293868003800000000
g321	256	格	0b0e000b1ffc3ffeac2b9bb80f8be02feebd7b6aa81b2ffc0b2c2c0b2ffc0b2eac000000
g322	252	毛	2aabf02ffaa40038002abff83ffaa40038006abffebffaa9003809003aae002ffd000000
g323	248	浩	28b2c01ebae825fffc78a2c01dfffe00aaa90a6aa80ebffc2db02c78bffc24baac000000
g324	244	避	24a93878fffe28eeed00feac68eafebefeb92ebbfe2dbeb92e7938bbfffd20aaa8000000
g325	242	道	2429d07afffc28aea400eab868fff8bceab82ceab82cfff82eaaa4bbfffd20aaa8000000
g326	240	都	0b03fe2babae3ffb9d6bbba8bfffb86be79d3ffb8e2ebb9e2ebbbd2ffba42ebb80000000
g327	238	屋	2ffffc2eaaac2ffffc2eaaa92ebab92eeafd2eff982daba83afffcbaaba923fffe000000
g328	236	姿	783aa86dbffc089b281e1fa47ebaf924a0686afaa9bffffe07e2d06affe93fa5bc000000
g329	230	潜	28b9b91eb9b925fefe78bdb81edbee00aba80abffc0ebaac2dbaac78bffc24baac000000
g330	230	門	3febfc3aebac3febfc3aebac3febfc38002c38002c38002c38002c3800ac3800b8000000
g331	228	録	1e2ffc2b9aac76cffc7faaad2e7ffebfd6c86eaeedaecaf43f6ef86feadd7a9b84000000
g332	228	弱	bfeffc6aeaac2ae6ac3febfc7a9ba8bfeffc74ea2c2ae6ac6eebec2ae7ac0f82f4000000
g333	224	◯	01aa400a00a0240018200008a0000a800002a0000a2000082400180a00a001aa40000000
g334	220	御	09b0a91efefe79edee66adee1efeee7c2dee7eeeee2eecee2eeee82ef9e02c00e0000000
g335	220	炉	0e3ffe0e6aa93b9aa93b6ffeae2c0e0e2ffe0e2eae2f6c002eb80079b800202000000000
g336	220	陰	bf8280bb9be4b7b96eba2be8ba1aa4b75ab4b3bffcb7aaa9bbaeb9b56eadb03fa9000000
g337	216	民	2ffff82eaab82eaab82ffff82c0e002eaea82ffffc2c0b042c638d6ff2edbe40b8000000
g338	216	詰	3fc2c02aaae9bffffe6a92c03feffc2a9aa82aaffc3feeac3aec2c3feffc3aaeac000000
g339	214	点	003800003ffc003aa81abaa42ffff82c00382eaab82ffff81400142ceb2c64b34d000000
g340	212	品	0ffff00eaab00e00b00ffff00aaaa06a96a9bfebfeb0eb0eb0eb0ebfebfeba9bae000000
g341	210	北	00e38000e38000e3842ae3ad3fe3e400e38000e38001e3806fe38939e3ae00e2fd000000
g342	210	題	3fcffe3acae93fcbfc3acbac2a8bacbfebfc6b9bac2bebfc3b9b69bfaaad66fffc000000
g343	210	販	3feffc3aeea83aec003feffc3aeeec3feeec3aeeec3fecf82aacb47afbed249a58000000
g344	210	整	6ba3a96babfe3feaec3ba1f86febae2b52083ffffc2aaea80b2ff06baea9bffffe000000
g345	208	文	002c002aaea93ffffe0b00b00380e00282d001e780007e0001bf406be7f92e00b8000000
g346	208	伺	029aa907affe0b2a9e2e3fee7e1a8e6e2fce0e2ece0e2fce0e1a8e0e006e0e003d000000
g347	208	家	6aaea9bffffeb6aa9e6bffe91afd500b9ef02afb801e9be42afbbd1eab08003d00000000
g348	206	在	00b0002abaa93ffffe01d1800282c00b6ae86f3ffc3b02c00b02c00b6ae90bbffe000000
g349	206	消	2853881eb39d253bb8786ba81dbffc00baac0abffc0ebaac2dbffc78b06c24b038000000
g350	202	歩	002c000b2ff00b2ea06baea9bffffe062c602e2cb879fcb910aad06abf402fe800000000
g351	202	悩	0e62481e769e3b29ec3b90486a7aae6e3fae0e3ade0e3bee0e3a6e0e3ffe0e3aae000000
g352	202	房	3ffffc2aaaa82ffff82eaab82ffff82eaea42ffffe2cbaa438fff8bad6b82183e0000000
g353	200	好	0e0aa80e0ffc3fe0282ee0b42de0e03aeffe3adae91f80e00bd0e07ea6e02413d0000000
g354	200	遜	2afab41ebbe82475d078bba81af9f86abbeebeb7b80efaba1e91647bfffd20aaa8000000
g355	198	戻	3ffffc2aaaa82ffff82eaab82ffff82eaea42eaea82ffffc382f80bafaf927906c000000
g356	198	瞬	69aabebebfedba2aadbefffebaeaaebab9adbebefebaeeecba6efebeb9ad61e02c000000
g357	196	博	0e02e80e3ffe0e2ae9bfbaee6e7ffe0e3aee0e2ab90e3ffe0e2eb90e1eb80e04f4000000
g358	196	渡	28aba91efffe14ebb9b4fffe28ebb800ebf80deaa82eeffc2ace787babf9719e68000000
g359	194	活	28aafd1ebfa925038078fffe1daba9006ba80abffc0eb02c2db02c78bffc24baac000000
g360	194	系	2aaaf42fffa80474801ee2d00bdb6001fd787ffffd2abaad0779d46e38b938382c000000
g361	188	略	6a8e00bfeffcbaeeb8badbb4bfcbe4baeebdbaeaa8baeffcbfec2cbaaffc602eac000000
g362	188	護	bf6eb96a6eb9bfbab86abae8bfbae86a7ae86a7ffcbfaaa8baaeacbf8bb4ba6ebd000000
g363	186	練	180380a8bffeba6ba93e3ffc2a3bac7b7bacbebffc2e1fe06fbbb8aef7ad6d5384000000
g364	180	教	1b94d02fede02bbafe3fffee079bee6ff9ed7ab4bc2afcb83fe9f80ac7ee0b8248000000
g365	178	訓	3fce9e2a8eeebfeeee6a9eee3fceee2a8eee2a9eee3fecee3aecee3ff8ee3a989e000000
g366	176	抽	0e02c00e02c0bfeae96ebffe0ebace0ffaeebe3ffe6e3ace0e3ace6e3ffe3d3aae000000
g367	176	勇	2ffff01beae01affe82eaeac2ffffc2eaeac1abaa83ffffc2afaac6be6ac2e43f8000000
g368	176	路	3fce003aeffc3afeb83febb42b8be43baebd3beaa83b2ffc7bec2cbeaffc602eac000000
g369	172	政	6aa280bff2c002c7fe02cbad3aefac3afaec3ac1f83ac0f03ae6f87fffaeba0608000000
g370	170	室	002c00bffffebaaaae6ffff90aeaa01beaf80ffe641aaea42ffff86aaea9bffffe000000
g371	170	端	2c27982c3bacbf3ffc6a6aa9bbbffebb6ba97bbffe3ebaee6fbaee7ebaee10b5ad000000
g372	168	絡	0d0e006c2ffcbabeb83f5bb42e4be47eaebdbeeaa82a6ffc7bac2caaeffc5eaeac000000
g373	166	根	0e3ffc0e3aac3fbffc2e7aac2f7aac3fbffcbe7ac82e39fd0e38b40e7fad0eba58000000
g374	166	粗	1b4ffc3baeac2b8e2c6b9ffcbfeeac0f8e2c2fdffc7f8eac2b0e2c1b1ead0b2ffe000000
g375	164	隊	bfa864bbaeb8b7bffcba1b84babeecb76bf4b3fef4b7abfdbbbeedb52ae4b00b80000000
g376	162	令	00280000be0006d7906faaf92bffe81aaaa02ffff00038b00039b00038e0003800000000
g377	162	美	0782d03ffffc2aaea82ffff81aaea4bffffe6aaea93ffffc2abfa86be7e93e40bc000000
g378	162	岸	242c183ffffc2aaaa8bffffe6eaaa92cfff82caba42aaba93bfffeb40b00200b00000000
g379	160	天	1aaaa42ffff8002c00002c003ffffc2abea800bf0001fb8007d2e06f40b9290028000000
g380	158	待	0242c00b7ffc2d2ae826aae90bbffe2e00b0bebffe1e6ab90e2db00e0ab00e02e0000000
g381	158	業	1de3a86eebb9bffffe2aeae83ffffc1aaea42ffff86aaea9bffffe6aeee97e2c7d000000
g382	158	運	26fffc7aebac29bff800aba468ebb8bcebb82cfff82daba82faba8bbfffd20aaa8000000
g383	156	被	0e02c00e3ffe3ffaee2bbac90bbffc2efbacbfbbac1ebab80e75f40ebbf90e2a5c000000
g384	154	吹	000d00bf0ea9bb2ffebb3d8ebb76edbb12c8bb03d0bb0ba0bf1e78b07d2d002418000000
g385	154	眠	bfbffcbbbaacbbbaacbfbffcb3bac0bbbae9bfbffeb3b8e0bbbab9bfbf7e60f82d000000
g386	152	優	0afffe0e6ea82dbaac3cbaacbcbaad3ceaaa2cbaac2c6a942dbffc2c9eb82dfebd000000
g387	152	燃	2c38b82d7fbaafbbb9aefffeaceeb42cbdf82c2aed2ebb8d3f5104b5baec20eace000000
g388	152	幕	6aeba96aeba90ffff00eaab00eaab00aeaa0bffffe6faef97fffed0b2de0062c80000000
g389	152	酷	bfeee06eaee86eaffcbfece0aebffebeeaa9aaaaa8bfeffcbaee2cbfeffcb00eac000000
g390	150	惨	0e0b141e2ea83b3fdc3baae96aafb96e7dad0e2b900e1ab40e2fa80eaaf90e7e90000000
g391	150	標	0e3ffe0e2ba93fbffe2e7bae2f7ffe3f9aa8be5aa82e3ffe0e26d80ebade0e5384000000
g392	150	島	1aea902fffe02eaae02eaae02fffe02eaaa92eaaa92ffff862c638bfffb8baabb4000000
g393	150	賢	3ffbfc3ae76c3ab1f43aebb92aa6182ffff82eaab82eaab82eaab81bffe47e82bd000000
g394	150	声	6aaea9bffffe1aaea41aaaa42ffffc2eaeac2eaeac2ffffc2c0018780000240000000000
g395	148	乱	2ad3803fa380038380bffb806ba7800383803ff3803ab3843ab38e3ff3ae3802fd000000
g396	144	途	242fe079f8bd28bff8002ba068fffcbcaba82dbb792cab282e5e00bbfffd20aaa8000000
g397	144	易	2ffff82eaab82ffff82eaab82ffff80baaa96ffffe28eb0e02da0e1b9eae0a28f8000000
g398	142	与	0b00000bfff80baaa41eaaa02ffff01800b06aaab9bffffe0000e001aad000ff80000000
g399	142	狭	1982c02fdae81f6ffc7f9ad8279ff807eae92ffffe7ac7e012cbb41bae3d0e5818000000
g400	142	詳	3fca182a8768bfeffe6a9ae93fcae82a8ffc2a80e03feffe3adae93fc0e03a80e0000000
g401	142	試	bf82e86a42ddbfeffe6a9ae9bfaae06a7fb06a6cb0bfacb0baaf7abfba3eba401d000000
g402	140	収	00eaa82ceffc2ce62c2ceb2c2ce7682ce3b82ce2f06fe1e0bae7f400ff6d00e818000000
g403	140	花	02c380bffffe6aeba9018a4002de101b8eb87f0fe02b0e000b0e090b0eae0b0bfd000000
g404	140	松	0e0d700e0eb03fac382eb82d2fb65d3f8380be47402e0b280e0e280e2efd0e3fad000000
g405	138	古	002c00002c00bffffe6aaea9002c001aaea42ffff82c00382c00382ffff82eaab8000000
g406	138	忘	002c00bffffe6eaaa90e00000faaa407fff815ad042eca683ec4ed7aeaed25ffd4000000
g407	138	容	002c00bffffebaaaae6b82e92e797816eb806faaf96ffffa0e00b00ffff00eaab0000000
g408	138	検	0e0b800e6ee43ff42d2ebff42f6ba03ffffcbeb3ac2ebffc0e0bd00ebef90e6428000000
g409	138	流	1d03800bbffe226ea9782c281dbffe006a880a3bb80e3bb82d7bb879f3ba2493ad000000
g410	136	廊	2aaea93ffffe3ae9a93bfefe3baece3baee83bfeed3baace77aaeeb7fed82baec0000000
g411	134	打	0b00000b0ffe3feae92b90e00b50e00be0e0bf40e02b00e00b00e02b06e02e03d0000000
g412	134	簡	0ba7a97ffffe3adab83aebac3aebac3febfc39aa6c3aebac3aebac3affac3800b8000000
g413	134	故	0e03400e0780bfebfc6eafb80e2f38bfebb8bae2f0b0e2e0bae7f4bfefbdb00918000000
g414	132	土	002c00002c00002c002aaea83ffffc002c00002c00002c00002c006aaea9bffffe000000
g415	132	我	6ade503f9eb4038e20bffffe6baba903a7b81be7f47f82e41787e92b9fbe2f6d78000000
g416	132	障	bfaba8bbaeb8b7aeb9ba6aa9ba3ffcb77aacb3baacb7bffcbbaba9b56ba9b00380000000
g417	128	省	0138801b39e0bdfabd206b586afea03eaab00ffff00eaab00eaab00ffff00eaab0000000
g418	128	造	24b38079fff828aba402fffc69aaa8bcbff82cbab82cbff82eaaa4bbfffd20aaa8000000
g419	128	悲	6ab3a9bff3fe2ab3a82ab3a86bf3fe2eb3a90004002aee182ec9bc7aeaee21ffd9000000
g420	128	葉	6aeba9bffffe0aa290bffffe0ebae00eaaa40aaea43ffffc2affa86beef9292c68000000
g421	126	環	6abffebfbaee2cbffe2c6aa9bf6aa96e3ffc2c3aac2e2fec6fbfbdb86b39000b18000000
g422	124	床	002c003ffffe3aaba9380b003afffc39afa8382fd038bff476eb7db18b18200b00000000
g423	124	肉	0038003ffffe3abaae39be0e3fdbee3a39ae387e0e3aebee3b819e38006e38003d000000
g424	124	欲	0992802db6e9256afe07d3ae2ebabdbebdb82ff8b02c38f42ebaf82ffb9e2c0248000000
g425	124	扱	0e2aa40e3ff8bfec386eacb80eadfc0fee2cbe3bb86e3af40eb6f46eeb6d3d6618000000
g426	122	血	00740001e0003ffffc3aebac3acb2c3acb2c3acb2c3acb2c3acb2c7aebadbffffe000000
g427	122	済	2803801efffe25bebd781eb41dbebe00781d0a3ffc0e3aac2d7ffc78baac24602c000000
g428	122	降	bf9ea4bbbeb8b757a0ba6ff9ba3aacb76ae8b3aee8b7aee9bbbffeb502c0b002c0000000
g429	120	広	1aaea92ffffe2c08002c0e002c2c002c28402c79e038b0b438e6b8b7ffed22a408000000
g430	120	遠	24aba878aba82afffe00aaa868eaacbcfffc2c2fe82dfbb92e9b28bbfffd20aaa8000000
g431	118	交	002c002aaea83ffffc0241801b82e47b82ed21e788007e0000bf406be6f92e00b8000000
g432	118	三	1aaaa42ffff80000000000000aaaa00ffff0000000000000000000bffffe6aaaa9000000
g433	116	久	02c00002ea8003ffc00b42c02e0780180b00002e00007e0002e7806f81f92e0078000000
g434	116	便	0a6aa90ebffe2d6ba93cbbaebcbffe3cbbae2cbffe2c17802c2f402cafe92cb8bc000000
g435	116	般	0e0bf03fcbb43acfba3eeebe7ae828bfeffc3adabc3acbb87ac2e0b6ebf9279e28000000
g436	116	具	0ffff00eaab00ffff00eaab00ffff00eaab00ffff06aaaa9bffffe6f41f9290068000000
g437	116	真	6aaea96aaea90ffff00eaab00eaab00ffff00eaab00aaaa0bffffe2b41e81e00b4000000
g438	114	慎	0e6ba91e6ba93b3ffc3bbaac6a7aac6e3ffc0e3aac0e2aa80ebffe0e6d790e2828000000
g439	114	員	0ffff00eaab00ffff01aaaa42eaab82ffff82eaab82eaab82ffff86f82f93e41bc000000
g440	114	域	2c02e82c02dd2cfffebfaae96ebfd82cbaee2cbefc2f69b8beaef9a4ebfe000b5d000000
g441	114	鍵	2c64e03ebbfca776edbeb3fe2dfaecbf3ae86e3bfcae7ae97eb6e96f7ee9baabfc000000
g442	112	傍	0a0b000efffc2dbab83daee9befffe3daba92cbff82c2ea42c2ff82db9b82ce0f4000000
g443	112	例	0aff0e0ebaae2dbaae3cbfaebcebae3dfbae2ddeae2c5eae2c2c0e2cb82e2c602d000000
g444	112	怖	0e2c001ebffe3b6ea93baac06abffe6ebeee0feece0e6ece0e2ede0e1ac80e02c0000000
g445	112	送	243838782cb028bffc006ba868aba9bcfffe2c0bd02cbdb92ea428bbfffd20aaa8000000
g446	112	討	3fe0382a9038bfeffe6a9ab93fe6382a97782a92b83fe1383ae0383fe1b83a90f4000000
g447	110	領	0b6ffe1e9ae929dffcbffeac1a5ffc3feeac2eeffc0eeeac0feffc0e9b690e1e19000000
g448	108	典	00eb001aeba42ffff82ceb382ffff82eebb86eebb9bffffe0241806f82f939006c000000
g449	108	認	bfbffe6a6aeebfee8e6a8b8ebfaeee6a48986a4ae0bfae5dbafe19bfaeb8ba4bf4000000
g450	106	嗅	000b003fbffc3bbaac3bbaac3bbffc3bbaac3babb83bbffe3fafe938adb900782c000000
g451	106	参	00a1d02beae02ffff82abaa83ffffc6b9ae93bbaac01ab801ff9a02aafe41ffa40000000
g452	106	仮	0abffc0ebaa82db0003cbffcbcbbac3cbb2c2cb7782ce3b42de2f02eefbd2c9a18000000
g453	106	距	3feffe3aeea938ee003feffe2b9eae3b9e0e3beffe3b8ea97bee00bf9ffe600ea9000000
g454	104	亡	002c006aaea9bffffe0e00000e00000e00000e00000e00000e00000bfff802aaa4000000
g455	104	捕	0e03b80e6ba9bffffe6eaba80ebffc0ffbacbebffc6ebbac0ebffc6eb3ac3db278000000
g456	102	従	0924281d2d787808a0666ae81ebffc7c03807c53fc2cb3a82cb7802dffa92c9bfc000000
g457	102	座	2aaea93ffffe38962438eb383afbbd3a6b993aaba83bfffc740b00bbfffe26aaa9000000
g458	102	搬	2c38b82cfeb8bffaaa6eeeee2eeb982ffefebceaae6ceaed2dea786edabd389d99000000
g459	102	協	2c6ba82cbffc2c2e2cbf78bc6e10642cb0b02cfefe2caeae2caeae2ceeee2deeed000000
g460	100	善	0781e03ffffc1aaea41aaea4bffffe076ca0bffffe1aaaa42eaab82ffff82eaab8000000
g461	100	捜	0e03800e3ffcbfbaac6e7ffc0e7aac0faba8be3ffc6e3ebc0e1eb46e6be93d3a6c000000
g462	100	章	1aaea41baae4bffffe6aaaa92ffff82eaab82eaab82ffff86aaea96aaea9002c00000000
g463	100	退	24fff878eab828fff800eab868fff8bce39d2ceaf82efebd2fa018bbfffd20aaa8000000
g464	100	羅	3ffffc3aebac3ffffc1a0b5dbe8ffe2fafb91eaffebffbb92b6bb97babfe6b6ba9000000
g465	98	査	002c003ffffc2affe86fadf9292c680ffff00eaab00eaab00ffff06eaab9bffffe000000
g466	98	息	00b0000ffff00eaab00eaab00ffff00eaab00ffff015ad042ec9ad7affea10aa84000000
g467	98	抗	0e02c00e2ae9bffffe6e8aa00e8ff00fceb0be0eb06e0eb40e2cba6e78be3d2428000000
g468	98	遺	24aba478ebb82aaba902aaa968eab8bceab82ceab82cbab42eb8b8bbfffd20aaa8000000
g469	98	漏	2afffc1feaac16fffcb6eaa92afffe02eae90efffe2efade2abbee7bbeee71baed000000
g470	98	疑	3a8ffc3e8aac3ae2b82fd1b43a8ffe7fcaeebb9ae83feefc1f9ec07eefe9245dbc000000
g471	96	鈍	0b42e41feffd78bac07fdeec1b8eec3feeec2b9ffc3baee82f9ac92be2ee3e91fd000000
g472	96	管	0ba7a97ffffe25d9746abaa9baaaaebbffee0baae00baa900bfff00baab00baab0000000
g473	96	互	2aaaa83ffffc02c00002fff003aab00740b00baae00fffc00902806aaba9bffffe000000
g474	96	腹	3fcea93aeffe3afea83feeac3aeffc3aeeac3fdba87aeffcb2ebb472ebe922ae6c000000
g475	96	窩	6aaea9bffffebacbad1fabf40eaab00e3ab0bffffeb2aa8eb3aaceb3ffeeb000fd000000
g476	94	族	0e0e006e6ffebfaea92c0ea82faffc2baac02bbffe3babe93b8bf4bbae7d275818000000
g477	94	遂	2464a079bae82afffc01af6468abb8bdfaf42dabee2ceac82e4b80bbfffd20aaa8000000
g478	94	満	29bab91ffffe14bab8b4fffc29aba902fffe0edb5e2eebae2aefee7ac06e72c03d000000
g479	94	駄	bfe2c0bb92c0bfdae9bbaffebfc2c0bb92d0bfe7e059abb4aeae78aebeed53e898000000
g480	92	住	0287400782800bbffe2e6ae97e02c06e2ae80e3ffc0e02c00e02c00e6ae90ebffe000000
g481	92	親	0b0ffcbfeeac6edffc6edeac6b9ffcbfeeac6f9ffc2f8bb8bbebb92b6eba0b187e000000
g482	92	鉄	0b45e01fdae878bffc7fede01b80e03feffe2b9ae93ba2f02f97f82bef6e3e9918000000
g483	92	慌	0b6eb92bbffe3b8aa43bbffeabaea9ab6ffc1b0aa80b2eec0b2eec0b7aea0b26dd000000
g484	92	策	0ba7a97ffffe25ed746aaea9bffffe1aaea82ffffc2c2d6c1abfa47faefd182c24000000
g485	92	純	0d02e46c7ffdba6ac03f7aec2e7aec7ebaecbefffc2a7ae87ba6c9aac2ee5e81fd000000
g486	92	航	0e02c03feae93afffe3ecaa07aeff0bfdeb03aceb03aceb47aecbab6ecbe279828000000
g487	92	巡	24521478b3ac28eb7801eb786aceb0bdeb782ceb782cb3ac2e9214bbfffd20aaa8000000
g488	90	米	082c202d2c780b2ce0052c50bffffe6abfa901ff800badf87e2c6d242c04002c00000000
g489	90	毎	0eaaa92ffffe7aaaa41ffff80e2c38bffffe6ebab91ebab83ffffc240ab0000be0000000
g490	88	非	00e3802ae3a93fe3fe00e3802fe3fc1ae3a806e3a93fe3fe16d380078380024380000000
g491	88	展	2ffffc2eaaac2ffffc2ebae82ffffc2ebae82ffffe2eeba93ac7b8bafee92ba96c000000
g492	88	改	6a9340bfe78000ebfe00efadbfff6cbaabb8b002f0b091e0b0e2f8bfeb6e2a8908000000
g493	88	索	6abaa8bffffc6abaa8bffffcb6b66c6beb6801fd787ffffd2bbad82f79f8283828000000
g494	88	覗	bfeff86aeeb8beeff869eeb8beeff8aaeeb8aaeff8beebb4a0ebb906eeba03d97d000000
g495	86	紙	0d1ab86c2fe8ba6ce03f6ce02e6ffe7eaeb9beecb02a6cb47baeb9aaef3e5eb81d000000
g496	86	塗	180b902ebab919efec796ba918bffe0a77a87e7ba8241a002ffff86aaea9bffffe000000
g497	86	滝	280b001efffc14bab8b5aee929aaa900fffc0debac2debac28fffc78ebae7007fd000000
g498	86	閉	3febfc3aebac3aebac3febfc38062c3aabac3bfffc38bf2c3feb2c3a2fac3819b8000000
g499	86	喜	6aaea96aaea92ffff81aaaa42eaab82ffff86baae96aaaa92ffff82eaab82eaab8000000
g500	86	秘	6b5e007e4b600e0638bf8bb46e6bb82fbbed3febc9be5b946e2f2c0ebfac0e67f8000000
g501	84	曳	0038002ffff82ebab82ffff82eaeb82ffff82eaea4180b78001be96afefe2ea06d000000
g502	84	争	00ea800bffc07e4b402ffff81abab8bffffe6abab92ffff81abab802b80002f400000000
g503	84	焼	0b1ae80b6ffc3bead43baee9bb3ffe1b0c280b6ffc0febb82dbab4783dba24287d000000
g504	84	月	0bfff00baab00b00b00bfff00baab00b00b00bfff00baab00e00b02d0ab0180be0000000
g505	84	逡	281d341ebffc246edd79bafe18aea869affcbeae740eabe91e79b87bfffd20aaa8000000
g506	84	璧	3feae83aeffc3febb97a9ae9beeffc6feae82aaaa82aaea82ffff86aaee9bffffe000000
g507	84	更	6aaaa9bffffe1abaa42ffff82ebab82ebab82ffff81bbaa406f8006befe97a02bd000000
g508	84	窮	6aaea9bffffebacbad1e42a42ba3fc3ab2ac3ab3fc7abba96bfbae6fb0ae29e0bd000000
g509	82	希	0be7e001ff402bebe81a78a43ffffe2beea90bfffc7faeac238eac038eb8000e00000000
g510	82	載	2ba3a82ba39dbffffe6baba9bffa882ba6ce3bb8ec3bb8b82ba4f6bffaee038a5d000000
g511	82	境	2c6ba82c6ee82caee9bfaaa96ebffc2cbaac2cbaac2fbffcbe0ee4a5bcee01e4bd000000
g512	82	印	6aeaa9be9ffeb00e0eb00e0ebfee0eba9e0eb00e0eb00eaebfeebdba9e00600e00000000
g513	82	顧	bffffe2aaae93abbfc3ffbac3aabfc2ffbac3eebfc3eebac6ffbfcaeeaa9aeaa9d000000
g514	80	吉	002c006aaea9bffffe002c002ffffc1aaaa80aaaa40ffff80e00380ffff80eaab8000000
g515	80	求	0039e00038b43ffffc2abaa82d3c600a3ef4023fd00bbae46e38bd29b81800f400000000
g516	80	邦	0383fe3ffbae2ba79d2ba7a83ffbb803839dbfff8e6bab9e0743bd1e03a4280380000000
g517	80	錯	1e0eb02baffc76deb87faeb92e7ffebfdaa86eaffcaeeeac3f6eac6feffc7aaeac000000
g518	80	京	2803801ffffe15aaa9b4fffc28eaac00eaac0dfffc2d539428b3ac79eb9d704f44000000
g519	80	育	6aaea9bffffe078ab42fffe81aa8000ffff80eaab80eaab80ffff80e02b80e02f4000000
g520	80	請	bf9ae86a5ae8bfeffc6aaae9bfaaa96a6ffc6a6eacbfaeacbbaffcbfacacba6cb8000000
g521	78	若	02c380bffffe6aeba901ba40bffffe6afaa906eaa47ffff827803803fff803aab8000000
g522	78	墜	bf9d74bbbffeba2b98bb5bf8b3aaf9bfaaedb61ae46aaee42ffff86aaea9bffffe000000
g523	76	東	002c00bffffe6aaea92ffff82eaeb82eaeb82ffff800bf401beee47e6cbd142c14000000
g524	76	突	002c00bffffebaebaeb2d39d2f67fc2939a43ffffc2abea802eb806f82f939006c000000
g525	76	象	07aa900bffe06eabe87eaeac2ffffc1abeb82faeb42aab801aafe92feb780a3e00000000
g526	76	係	0aaab40ebfa82d1a203cbdb4bc2ee83c0bad2dfffe2cab982c7bb82cb3ad2c1384000000
g527	76	超	0b0aa83feffc2b97ac2b9bbc3fe1642b0ffc3bee2c3f9ffc7f8aa8bbfffd206aa8000000
g528	76	肺	3f82c03baae93bbffe3f82c03bbffe3bbaee3fbace7bbaceb3bade77a6c82742c0000000
g529	74	救	03b4d003a5e0bffafe6ba7eeb7bfee27a1ed1ba4bc2fbdb8bb9df82b87ee0b4248000000
g530	74	補	0e03b80e2ba93fbffe2baba80a7ffc2fbbacbfbffc1e7bac0e3ffc0e3bac0e3a78000000
g531	74	霊	1aaaa41aaea43ffffe3aad9e3aad9e0aaaa40aaaa43ffffc1deb746eebb9bffffe000000
g532	74	費	2aeba82aebac2eeba83ffffe6b83ae2ffff82eaab82eaab82eaab81bffe47e82bd000000
g533	72	虫	002c00002c002ffffc2eaeac2c2c2c2eaeac2ffffc002c14002c282aaffd3ffaad000000
g534	72	台	00a00000e04002d0e0078ab87fffed2aa0092ffff82eaab82c00382ffff82eaab8000000
g535	72	枚	0383400383803ffbfe2bebad0bdf6c1ffbb87ba6f02781e00382f8039b6e038908000000
g536	72	候	0a0aa40e0ff82eeab93efffebecea83eeffc2eeae92eeffe2ec2e02dafb92c1d28000000
g537	72	迫	240a0078aea428fff800e03868fff8bceab82ce0382cfff82eaaa4bbfffd20aaa8000000
g538	72	溶	2803801efffe25eeae78adb81dab9d002ee40ab86e0e7ffc2d382c783ffc243aac000000
g539	72	深	28fffe1eeaae149ee9b4bdfe2866a800aba90dfffe2d1fe028bff879f7ad704384000000
g540	72	班	6a2da9bf2efe2c6c382cac38bfadb96eeefe2cac382e28386f3838b8b1b900a2fe000000
g541	70	似	0a60380eb5382dbb383cb3b8bcb2783cb0382cb0b02cb5b42dbef82deace2c0744000000
g542	70	捉	0e1aa80e2ffcbfec2c6eaeac0eaffc0fc2c0be26fc6e3ae80e3ac06ebfe93d66fc000000
g543	70	駆	bfeffebbaeadbfae9dbb6ee8bfacb4bbacb8bfeded56efcdaaed84aaeffe5baea9000000
g544	68	越	0b00e83fe0ed2b9ffe2b9ee93feeed2b0eec3beeb83faffa7f9eadbbfffd206aa8000000
g545	68	峰	0c0ba80c2ffcaeae78aeabf9ae9fb8aeaae9aeaae9aeaffcbfaae9aa7ffe5002c0000000
g546	68	魔	2aaea93ffffe3ae9b93af9f93bfbfd39a9643baeb83baeb876bba8baebad2b87fd000000
g547	68	尻	2ffffc2eaaac2eaaac2ffffc2c2c002effe02daee02c28e93874eebae0fe258068000000
g548	68	固	3ffffc3aaeac3aaeac3bfffc39aeac3affec3ac2ec3affec39aaac3ffffc3aaaac000000
g549	68	藤	6baae9bffffe2ba6983fafb83babb83ffffe3baa693fafb87b9ba0b7bbb927a75d000000
g550	66	叩	000ffebfceaebace0eb2ce0eb2ce0eb2ce0eb2ce0ebace7ebfce28b00e00000e00000000
g551	66	曝	003ffcbf3aacbb3aacb32eb8bb3ffcbf6eb9b36eb9b37aedbf2ae8ba7aed602388000000
g552	66	侵	0abff80e6ab82d6ab83cbff8bdaaa93eeaae2efffe2cb8b82c2ee02dafe92cf9bc000000
g553	66	母	0ffff80eaab80ebe386eaeb9bffffe0ea4382cbe382eaeb93ffffe241ab0000fe0000000
g554	66	狼	2643802fbffc2e3aac7f3ffc1b7aac0bbaac2fbffc77badd13b8f81bbf790eba28000000
g555	66	盤	2babf43ffbba3ab62d7bbffc7bb2acbabaf926e7682ffff82eebb86eebb9bffffe000000
g556	64	干	0aaaa00ffff00038000038006abaa9bffffe003800003800003800003800003800000000
g557	64	痛	0aaea91ffffebe6aa82ebffc0e1db42efffebdebae2cebae28fffe38e3ae18e26d000000
g558	64	烏	0afaa00ffff00e00b00ffff00eaaa00ffffe0eaaa90ffffe1aaaee3aeeee64ddad000000
g559	64	施	0e0e002e5ffe3fbea92c3ac02faee82baffc2bbeec3baeec3baed8bbaeae275ffd000000
g560	64	揺	0eaabc0ebfa9bfb69d6e65a80e7ffc0faae8bebffe6e6ae90eb2ce6ebffe3dbaae000000
g561	64	溺	2afefe1eadae10acaeb4fcfe25e9e902fefe29ad8e2ebeae3aeedeb6aeae70b83d000000
g562	64	歴	3ffffe3aeab93ffbfe3ae6b93af5f83fbfbe39e5b4398ba476cbf8b6eba92bfffe000000
g563	64	寒	6aaea9bffffe6aeba90aeba00bffe02aeba83ffffc1b65e47d6e7d22ea08006ad0000000
g564	62	売	002c00bffffe6aaea92ffff81aaaa4bffffebaaaae60f38903e3846f83ae3902fd000000
g565	62	条	01e0002bffe02fead005eb806bffe93e9abc2aaea83ffffc02ff906fadb9282c19000000
g566	62	歳	024ea0038ea0bffffe6aabad3ffffe3aaba93bfedd3ae6e87be9f9b6eefa22d76d000000
g567	62	刻	03802c6baaecbffeec1752ec7e76ec2ee6ec0b9eec6e7aec39f02c6bb9ac391cb8000000
g568	62	慣	0e2ffc1e6eed3b7bb93bbff86a6aa86e3aac0e3aac0e3ffc0e3aac0e2eb80e79ad000000
g569	62	油	2803801e038014aba9b4fffe28e38e00ebae0dfffe2de38e28e38e78fffe70eaae000000
g570	62	跡	3fc2c03adae93aeffe3fcb382b9b383baf3d3bfb3a3b2b397bca38beadb86018b4000000
g571	60	臭	01e0000ffff00eaab00eaab00ffff00eaab00abaa03ffffc2affa86bd7e92e00b8000000
g572	60	欠	0b00000baaa80ffffc2d182c782c38103e0000bf0001fb8007d2e06f40b9290028000000
g573	60	兄	0ffff00eaab00e00b00e00b00ffff00aeba002cb0002cb00078b096e0bae2807fd000000
g574	60	幾	1a2c743e6ee81f5eb82edeed3a5ba9bffffe6faba91f83b82ed2e978affe24396d000000
g575	60	黒	1aaaa42ffff82eaeb82eaeb82ffff82aaea82aaea8bffffe6aaaa92ceb2c64b34d000000
g576	60	居	2ffffc2eaaac2ffffc2eaba82ffffe2eaba92daba82efffc3ac02cbafffc22eaac000000
g577	60	訳	3faffc2a6eacbfec2c6aaeac3faffc2a6ce02a6ca03facb03ab8383ff82d3a6018000000
g578	60	巨	3ffffc3aaaa83800003ffff83aaab83800383ffff83aaaa43800003ffffe3aaaa9000000
g579	60	困	3ffffc3aaeac3aaeac3bffec387e2c39ffac3beefc3a6cac3aaeac3ffffc38002c000000
g580	58	惑	000e74bffffe6aaba93ae7b83fe2f82a97fa3f9bbd1599142edd6c7aeaee25ffd8000000
g581	58	塩	0e2ea90e3ffe0ebaa8bfbffc6e7aac0e3ffc0e2aa80fbffcbf7aecb8baed00fffe000000
g582	58	工	1aaaa82ffffc002c00002c00002c00002c00002c00002c00002c00bffffe6aaaa9000000
g583	58	撹	2cbb2c2c2678bfbffe6ebaae2e2eb82f2eb8bc2ff86c2eb82c1ee86cbdee38a4bd000000
g584	58	染	2e2c0009ffe079aee41828ee2eb4fe78a8682aaea83ffffc02ff906fadb9282c19000000
g585	58	尾	2ffffc2eaaac2ffffc2eaaf82efff42daea42ffff83eaea43bfff8baaeae201ffd000000
g586	58	融	bffce06aa8e03ffbfc3abbac3ffbac6aabacbffffcbaece8baacecb7eefeb3bbaa000000
g587	56	唯	000da0bf2de0bb7ffebbfae9bbbffcbb3ae8bb3ae8bb3ffcbf38e0b03ffe003aa9000000
g588	56	嗚	002ba8bfbffcbbb82cb3bffcb3baa8b3bffeb3baa9bbbffebfaaaeb0aeae00eead000000
g589	56	丸	00e00000e0003fffc02aeac001e2c00be2c002e2c402face079ace6e02fe2800a8000000
g590	56	魅	0b40903ff3fc3bb2e83ffbfe3bb6f93ff7f82abaed2ee8e43ae49ebafffe20aaa8000000
g591	56	拡	0e1ae90e2ffebfec506eacb00eace00fece0be2ec46e3adc0e3bae6ebbfe3d2688000000
g592	56	汗	1d2aa80b7ffc2202c07802c01d6ae900bffe0a02c00e02c02d02c07802c02402c0000000
g593	56	逢	283aa01efae0245ed07af9fd18eba869aba4bebff00eaba81eaba87bfffd20aaa8000000
g594	56	雑	2c0368bf8bb46f9ffe3bafb9bbeffc1e8bb8bfebb86f9bfc7fdbb06e8bfe0e0ba9000000
g595	56	昇	2ffff82eaab82ffff82eaab82ffff81ab4900fe8e06aeae9bffffe1bc0e00e40e0000000
g596	56	脚	3f38a93b38fe3bbeee3f79ee3bbaee3bffee3f38ee7bb9eeb3bafe77ffe826a6e0000000
g597	56	建	3f9ba82b9bac0b3ffe2e6bad3faffc179ba43b9ba42f7ffc1f83807efffd242aa8000000
g598	56	四	3ffffc3aebac38eb2c38eb2c38eb2c3acb2c3b8bfc3e02ac3aaaac3ffffc38002c000000
g599	56	隙	bf9ad8bbaaddb742b4baafe8ba7aacb77ffcb3baacb7aae8bb66d8b5b6deb01784000000
g600	54	含	007d006bebe93eaabc00aa000bffe006aad0007e402ffff82eaab82ffff82eaab8000000
g601	54	微	0938a01ebbb97abbbe6affec1e00ec7effec7deeb82cee382deebc2eceee2c8888000000
g602	54	健	0aa2c00ffbfc2daaed3ceffebef6ec3cb6e82cbbfc2dfae92deae92dfae92d9bfc000000
g603	54	登	0bf9d02aff982fe6f87ffffd19aa640ffff00eaab00ffff00bebe06aeba9bffffe000000
g604	54	骨	0ffff00eaab00ebff06ebab9baaaaebbffee0baae00baae00bffe00b06e00b03d0000000
g605	54	誤	3f83f82a7bb8bfbbb86a7aa43fbffc2a6aac2a6aad3fbffe3a89243fae7d3a5818000000
g606	54	論	be0b80692ee0beb4786afffdbe5a9469fffc69eeecbeeeecbafffcbeeeecb9e9a8000000
g607	52	並	0640900781e02aeae93ffffe00e38028e38d2ce3ac0ee3b804e3906aeba9bffffe000000
g608	52	縁	0d3ff86c2ab8ba6ff83faab92eabe97eaee8beebb42a6ab87babaeaaeee85e83d0000000
g609	52	裸	0e1aa80e2ffc3feaec2baaec0baffc2eeae8bfaffe1eabf90e1ff80e2eed0e06c4000000
g610	52	慢	0e3ffc1e3aac3b3aac3baaa86abffe6ebaee0e6aa90ebffe0e1e780e6bf90e2968000000
g611	52	号	0fffe00eaae00eaae00fffe06aaaa9bffffe03aa900bffe00600e0002ae0002f80000000
g612	52	溢	2874741ee02d15bff9b42aa028747401e02d0dfffc2deeec28eeec79eeed72fffe000000
g613	52	因	3ffffc3aaeac382c2c3bffec3abeac38bf2c39e7ac3bd2ec3aaaac3ffffc38002c000000
g614	52	球	6a03a8bf039d2cfffe2cabadbfb7ad6e23f42c37e02eb7b8bfe3ae24ab88000f40000000
g615	52	塞	6aaea9bffffe6aeba90aeba00bffe02aeba83ffffc6b59e93affac1aaea42ffff8000000
g616	50	八	01414002c38002c38002c3800382c00382c00b41e00b00e01e00b47c003d240018000000
g617	50	症	0aaea91ffffebeaaa82efffc0e03802eb3a8bdb3fc2cb38028b3803bfffe1aaaa9000000
g618	50	模	0e6eb90ebffe3faeb82e7aac2f7ffc3fbaacbe6ba82ebffe0e6be90ebef90e7868000000
g619	50	溜	286da91ebafe25b5ee78baee1dffde00aaad0abffe0ebbae2dbbae78bffe24baae000000
g620	50	派	28aab81effe914e024b4fffd28ebb400ebba0debb82deb7428eb387acb2e708b08000000
g621	50	埋	2c6aa82cbffc2cb3acbfbffc6ebbac2cbbac2cbffc2f6ba8bebffca4aba900fffe000000
g622	50	盗	783aa86dbffc049b280a0b642f6fe079f4bd2aaaa82ffff82ceb386eebb9bffffe000000
g623	48	斜	0741380fdbb82db6b87aba382fe7b82ba1b83ff6be2babf93bb4387ba4380b4038000000
g624	48	快	0b03802b1ba43baff83bc3b8ab93b8ab3ffe1b2ba90b0bd00b2ef40bb87d0b6018000000
g625	48	怪	0b3ffc2b2eac3b9e783bc7e0abafb9ab1d281b02c00b2ffc0b1ae80b2ae90b3ffe000000
g626	48	籍	0ba7a97ffffe25d9742b9bb82b9bb82baffebfcaa81f4eac7fdffc6b9eac0b0eac000000
g627	48	輝	0e2aa96ebffebfbaee2e8ae46e6ffcbfaeec3b2eec3baffc3beae9bbbffe2702c0000000
g628	48	香	1fffe00aaea43ffffc2affa86baef97eaebd0ffff00eaab00eaab00ffff00eaab0000000
g629	48	炭	242c183aaeac3ffffc2aaaa93ffffe38060039db28389b64786ed0b6f4b9228028000000
g630	48	激	28a0b01efeb012eefeb6eeed2afeec02b9ac2bfeb82ce93838eebcb6eeee718d88000000
g631	48	渇	28fffc1eeaac14fffcb4eaac28baa801bffe0dfbae2dbe4e28bace787fae7001f8000000
g632	48	搭	2c2c382cbffebf6eb96e07902ebeb92faaa9bc0aa06c3ffc2c382c6c3ffc383aac000000
g633	48	髪	2ff8a82ea3a82ea2b83ea6882ebab82aa680bffffe06eaa47eeaf46affe92fa2b8000000
g634	48	議	bf9d746abffebfaba86a6ba8bffffe6a6bb96aaeb9bfaeb9baafbdbfaebababdad000000
g635	48	殴	bffbf0baabb4baabbabadfbeb78628b3dffcbbaabcbeabb8b912e0bffbf9baaa2c000000
g636	46	奥	00a0002ffff82eaeb82deeb82ffff82eeeb82d58786abaa9bffffe0bd7e07e00bd000000
g637	46	析	0b0ab80b0fe93fee002b9ea90f8ffe2fee387b4e381b1d380b2c380b38380b1838000000
g638	46	崩	242c183aaeac3ffffc2aa6a93ffbfe3abbae3ffbfe3abbae3ffbfeb6be6e22e63d000000
g639	46	洗	2803801ebba825bffc78d3801d038000fffe0aaee90e1ee02d2ce978b8ee2460bd000000
g640	46	康	2aaea93ffffe39aea039aeb03ffffc39aeb03aaea03faeb476afe0b7edf922b828000000
g641	46	辞	2b80e03f9ffe0b0badbfe7686b9ffe0b0ae93feae93aeffe3ae0e03fe0e03800e0000000
g642	46	暴	2ffff82eaab82eaab81aeba42ffff86aeba96baae96e6db962ef891baee4193864000000
g643	46	脳	3fa2483bb69e3ba9ec3f90483bbaae3bbfae3fbade7bbbeeb3ba6e77bffe277aae000000
g644	46	寄	6aaea9bffffebabaae0aefa00f86f0bffffe6aaab90ff8b00eb8b00ea6b00002e0000000
g645	46	阻	bfbff8bbbab8b77838bb3ff8be3ab8bb7838b3bff8bbbab8b63838b0bab9b0fffe000000
g646	44	功	000380000380bfaba96e7ffe0e038e0e038e0e0b0e0e0b0e6f8e0eba6cae0024b8000000
g647	44	倉	00be006bebe92eaab80fffe00eaae00eaae00fffe02eaaa03baab0b3fff013aab0000000
g648	44	父	0241800782e01f00b47d417d26c2ad02e38000bb40007e0002fb806f92f92d0078000000
g649	44	複	0e0ea90e2ffe3ffea82baeac0baffc2eeeacbf9ba81eaffc0e2ab40e2be90e2e6c000000
g650	44	告	0e2c002eaea87ffffc242c00bffffe6aaaa91aaaa42ffff82c00382ffff82eaab8000000
g651	44	福	0e3ffe0e2aa93faffc2baeac0b2ffc1f6aa97ffffe2e7aee0e3aee0e3ffe0e3aae000000
g652	44	鉱	1e1ae92baffe76ec507facb02e6ca0bfece06eadd4aeeedc3f6eee6ffbfe7a9a88000000
g653	44	鋼	1e3ffe2bbbae76fbae7fbbae2e7ffebff9de6ebaeaaefaea3f7bfe6ff82e7ab82d000000
g654	44	逆	24747479bef82afffc009b2468eb38bcfff82caba42c6e002e6d00bbfffd20aaa8000000
g655	44	泳	280ba41e1ae0251a80782fc01daad800fefd0a2ef40e3ef82dbaed78b6dd241384000000
g656	44	勢	2b9ba46babb86de7b86b97f92b8bbabfe62d682c002ffffe1abaae2af6ae1e82fd000000
g657	44	智	2ea6a87ba7fcbffbac1be3ac7dbbfc2abaa42ffff82eaab82eaab82ffff82eaab8000000
g658	44	〝	3ee0003ee0000ca000189000000000000000000000000000000000000000000000000000
g659	42	未	0038001abaa42ffff80038002abaa83ffffc01fe0007ff906f7af9293868003800000000
g660	42	老	0038040fffec0abab40039e0bffffe6abea906e5a07ffff027aa0903aaae02fffd000000
g661	42	拷	0e03800e2ff9bfdbbd6ebffe0eabe90fefacbe1ba86e0bfc0e0aac6e01ac3d00f8000000
g662	42	汚	1d6aa80bbffc220b0078fffe1daea9001ea80a2ffc0e782c2d102c7802bc2402f4000000
g663	42	滅	2802e91eaaed12fffeb6eac026aad802a9ee2aabfc2ea9b83bbdb6b7fbee71a59d000000
g664	42	星	2ffff82eaab82ffff82eaab82ffff81eaea47ffff82aaea00bfff06aaea9bffffe000000
g665	42	腰	3fbffe3baba93bbffe3fbbae3bbffe3baba93faba97bbffeb39e74778be0276e6d000000
g666	40	申	002c001aaea82ffffc2c2c2c2ffffc2eaeac2eaeac2ffffc182c18002c00002c00000000
g667	40	斉	002c00bffffe6baae902eb806bebe93e40bc0ffff00eaab01ffff02eaab01800b0000000
g668	40	衆	01a4002ffff82eebb86eebb9bffffe0b5a007ebd5822eeb8076df46e2c7d282c18000000
g669	40	律	026ba80b7ffc2d6bad26bffe0b6bac2e3ffcbe2ba81e3ffc0e6ba90ebffe0e0380000000
g670	40	伏	0283a807839d0b03802ebffe7e6ba96e07800e0bd00e1ee00e3db80eb83d0e6018000000
g671	40	劇	02e80e2ae9ee3aeeee3fe8ee39a4ee3ffeee3ae9ee3ab8ee7abd0eb6bb6e21a13d000000
g672	40	頻	0386a93bfbfe3ba6e9bffffe6babae2bbbae7bbbfe2babae027bfe6aeaa93e4a59000000
g673	40	紛	060a702e0bb0b98e382fad2d1eaaac7edff83fa3b82a87787adb38aaaeb85e68b4000000
g674	40	鼻	0aeaa00eaab00eaab00eaab00aaaa02ebab82ebab82ffff86aeae96baae92e02c0000000
g675	40	緑	0d3ffc6c2aacba6ffc3faaad2ebffe7e96c8beeeed2a4af47baef8aaeadd5e9b84000000
g676	40	異	1aaaa42ffff82eaeb82eaeb82ffff82aeae83ffffc6aeae9bffffe2ad2e81f81b4000000
g677	40	黄	1baae42ffff86baae9bffffe1aaea42eaeb82ffff82eaeb82ffff86b41e92e00b8000000
g678	40	掃	2c3ffc2c2aacbf2ffc6e2aac2e2aa82ffffebcebae6cbffc2cb3ac6cb3b8380380000000
g679	40	鍛	2c6ef83eb9f8a7b9eabebfee2db098bfbefe6eb9aeaeb1ed7efe786fbafdbab099000000
g680	40	尿	2ffffc2eaaac2ffffc2eaaa82dab242efbb82cbbd02cebe03adbb9b9ab2d202e04000000
g681	40	詞	3fbffe2a6aaebfefee6a9a9e3fda8e2aafce2aaece3fefce3ada8e3fc06e3a803d000000
g682	40	頑	3feffe2a9ae9000ffc6a9eacbfeffc2e8eac2e8ffc2aaeac3aeffcb69b69201e19000000
g683	40	覧	3ffac03ae6fe3abba93ae6fc2aa5a80ffff00eaab00eaab00eaab00aeba97f82fd000000
g684	40	暮	6aeba96aeba90ffff00eaab00eaab00aeaa03ffffc0beae47faafd1baae40bffe0000000
g685	40	覆	bffffe2aeba93aebae2aaea92e7ffe79faa81f7aacbe3aac1eaea80e6eb80ebebd000000
g686	38	炎	002c001d2c78097e2002fb907f81bd282c081d2c380a7e7001e7802b81f92e002c000000
g687	38	偵	028ba9078bfe0b6ba82ebffc7ebaac6ebaac0ebffc0ebaac0ebffc0ea9b90e7868000000
g688	38	禁	0b00e03ffbfc2fa6f87febfd2b69e82aaaa82aaaa8bffffe6aaea96eacf824b828000000
g689	38	械	0e00e80e00ed3fbffe2e6ab92f6bb93fabbabe7fbd2e2b790e2bba0e39ee0e199d000000
g690	38	横	0e2eb80e3ffc3faeb92ebffe2f6ae93fbaeebe7ffe2e3aee0e3ffe0e6d790e2828000000
g691	38	粘	1b52c07ba2c02f92fe6ba2e9bff2c00f9ae92ffffe7fac0e7b2c0e1b2ffe0b2eae000000
g692	38	疎	2a82c03ffffe02eae90b6ffc3baaec3beaec3b2ffc3b07e03b9ff8bfeeed6806c4000000
g693	38	夜	2aaea93ffffe034d00079ffc0b2eac1f7bac7ff9f82b5ee00b0bd00b6eb90b382c000000
g694	38	踏	3fc0e83aeefd3adef83fedfe2b9ae83b9ae93beffe3b2eae7beeaebeaffe602eae000000
g695	38	訴	3fcab82a8fe9bfee006a9ea93fcffe2a8eb02a8eb03fedf43aecbe3ff8b43a98b0000000
g696	38	脂	3fec243aeff83aee493feffe3acaa83aeffe3feeae7aeffeb2eeae76effe27aeae000000
g697	36	皮	000e002ffffe2eaeae2c0e0e2eaea42ffff82ed0e028b6d0383f80bafaf923906c000000
g698	36	企	00280000be0006d7906f59f9282c280b2c000b2ff00b2ea00b2c006baea9bffffe000000
g699	36	太	002c00002c002aaea83ffffc002c00003e0000bf0001fb8007d2e06f68b9291d28000000
g700	36	件	029ac007aec00b3ffc2ebae87e22c06e02c00ebffe0e6ae90e02c00e02c00e02c0000000
g701	36	永	02fa4006ae0003fc0002ac041aae2d2fef7807af900b6ee06e2cb928ac2800b800000000
g702	36	養	0782d03ffffc1aaea41aaea4bffffe0baee47faafd23aae803ffe40b9bb90f91bc000000
g703	36	徴	0975b02ebab07abafe66feed1eaaec7efeac7db9b82efe382c39bc2efeee2da488000000
g704	36	賞	0a2ca03ffffc3aaaac2baae80bffe01aaaa42eaab82eaab82eaab81bffe47e82bd000000
g705	36	絵	0d01806c07e0ba5e783f6ead2e4bf07e8000beeffc2a5ba87b8b68aaefad5eafed000000
g706	36	旋	0e0e002e9ffe3ffea92c1aa92fcffe2ac0e92ac8e83accfc3adde0baefe9279afc000000
g707	36	栄	1824281e2cb4bffffebaaaae602c093ffffc2abfa801ff801bade47e2c7d142c04000000
g708	36	紫	1ac3942efbf82ee7996efbaebeb6fd0ab64007ebb06afeb83fffec2e38b8283828000000
g709	36	辺	24aaa878fffc280e2c000e2c681d2cbc2c2c2c782c2cb5f82e50a0bbfffd20aaa8000000
g710	36	没	283fe01e3aed25b8ee78b0bd1d6aa800bffc0a38380e2db42d0be078aef9247828000000
g711	36	塑	28dbfe6eebaebffbfe6b6baebffbfe6fae2e7e062d2eaea42ffff86aaea9bffffe000000
g712	36	雰	2ffff81aaea43ffffc3aadac3aadac0182400baae07efffd24b2d82bd6c02e4380000000
g713	36	昆	2ffff82eaab82ffff82eaab82ffff80906000eaba80ffbe80e0b096ffbae3ea7fd000000
g714	36	貼	3fe2c03ae2c03ae2fe3fe2e93ae2c03feae938effe3fee0e2ede0e7eeffe249eae000000
g715	36	列	3ff82c2ba7ac0ba7ac0ffbac2d3bacbe7bac27f3ac01e3ac02d02c6f41ac2900f8000000
g716	36	睡	6a2ab8bf2fe8bb6ba8bfbffcbb3bb8bbfffebfbbb9bb7bb8bbbffcbfaba960fffe000000
g717	36	談	bfa3846abbacbf9bd46a5ee4bfb87d6a53846ab7a8bfabe8ba8bd0bfaeb9ba6828000000
g718	34	友	00e0002aeaa83ffffc00e00002eaa402fff807e0b40a79e02d1f807abef912e068000000
g719	34	休	0283800783800b6ba92ebffe7e0bd06e1fe00e2ff40e7bb80eb3ad0e13840e0380000000
g720	34	鬼	02d0000ffff00eaeb00ffff00eaeb00ffff00aeee002ee9807aeed6e2eae281ffd000000
g721	34	割	03800ebffeeebbaeee7ffdee2ba8ee2ba8eebffeee2aa8ee3aac9e3ffc6e3aa83d000000
g722	34	衛	09ba691dbbbe7aff8066aa691eebbe7cff2c7dae6c2effac2dee6c2effac2c2c38000000
g723	34	怒	0e06a8bffbfc6ee22c2de7b82f82f47efbad1456042aee182ec9bc7aeaee21ffd9000000
g724	34	抱	0e0d000e1ffcbfeeac6ebfec0ea6ec0fc2ecbe2fec6e2eb80e2c096e2eae3d1ffd000000
g725	34	悟	0e3ffc1e2ba83b3ff83baeb86aaeb96ebffe0e2aa80e3ffc0e382c0e3ffc0e3aac000000
g726	34	鮮	0e8a182fc768ba9ffe3feae93ba6e83febfc3ba0e03feffe266ae93bb0e03bb0e0000000
g727	34	緩	186afca8bfa9ba76a83e3ffc2a2ba87bbffebeaea92e6ffc6ffbb8aeabe96d6e6c000000
g728	34	耳	3ffffc2baae80baae00bffe00b00e00bffe00baae00b00e96bfffebeaae00000e0000000
g729	34	買	3ffffc3aebac3ffffc0aaaa00eaab00ffff00eaab00eaab00ffff06b82e93e41bc000000
g730	34	隔	bfbffebb6aa9ba3ffcba3aacbd3ffcba6aa9bbbffebbbaeebebaaeb5b7aeb0b3ad000000
g731	32	余	00280002ff806f82f92bffe802ba806abaa9bffffe0538802e3ae429b87400f400000000
g732	32	虐	003aa01abaa02ffffc2dbaac2dbaa42c2ff42daaa82eeaa83afff8baeaa822eaa8000000
g733	32	呪	003ffcbfbaacbbb82cb3b82cb3bffcb3aee8b38ee0bbade0bfb8e9b2f4ee0090bd000000
g734	32	朝	038bfcbffbac6bab2c3ffbfc3abbac3abbac3ffbfc2bab2cbffb2c6bae6c038638000000
g735	32	併	0a24200e7cb42daaf83cfffcbc38b03c38b02efffe2dbab92cb4b02de0b02c90b0000000
g736	32	儀	0a28a00efffe2d6ba83c6ba8bcfffe3c6eed2caeed2caeb92cafbd2c6c7a2cb9ed000000
g737	32	笑	0ba7a92ffffe79da741042a01ffff40ab900bffffe6abea901eb406b82e92e00b8000000
g738	32	箇	0ba7a97ffffe25d9743ffffc3aaeac3aaeac3bffec3baaec3aaaac3ffffc3aaaac000000
g739	32	午	0e00001eaaa42ffff8782c00102c006aaea9bffffe002c00002c00002c00002c00000000
g740	32	懐	0e6ae91ebffe3b6ae93bfaee6abaee6e6ae90ebffe0e6eed0efeb90e6fad0e2a58000000
g741	32	癖	1aaea96ffffebda8607efffe2eeeadbefde8aeebfe3bfeb97beefcb3bdb821b8b0000000
g742	32	遇	24bffc78bbac28bbac00bffc68aba9bcebae2ceffe2cea6e2e9028bbfffd20aaa8000000
g743	32	遭	25aee879aee82aeeec02eeec6afffcbcaaa42ceab82ceab82eaaa4bbfffd20aaa8000000
g744	32	測	28ff0e1eebae14ebaeb4ffae28ebae00ffae0debae2dffae28aa0e79eb6e70922d000000
g745	32	妙	2c02c02c16c8bfeeec6eeeed2eface3a9ad83b83a82f00781f81f47debd0241f40000000
g746	32	帽	2c3ffe2c3aaebfbaaeaebffeae9aa8aeaeacaeaffcaeaeac6e2eac2c2ffc2c2eac000000
g747	32	震	2ffffc2aaea93aaeae3aad9e2699993ffffc3aaaa03aaaa97aefb9b6ebf927a5bc000000
g748	32	履	2ffffc2eaaac2ffffc2c9ba92eeea92e9eac2deeac2fcba83aeffcbad6a822dfad000000
g749	32	戸	3ffffe2aaaa92ffffc2eaaac2c002c2ffffc2eaaac2c0000380000b80000200000000000
g750	32	南	6abaa9bffffe0038003ffffc3aebac39eb6c3bffec3aaeac3bffec3aaeac382cb8000000
g751	32	評	bfbffe6a6ae9bfe6c96aaaddbf9ae86a42c06abffebfaae9ba82c0bf82c0ba42c0000000
g752	30	穴	002c00bffffebaaaae60000902828002c3800382c00b82e01f00f47d007d240018000000
g753	30	統	0d00e06c2ffeba5ba93f4a2c2e6fee7e9a89becbb02a4bb07b8eb4aaeeba5e987d000000
g754	30	液	2803801efffe25baa9783ae81db3ac01faac0efbb82db6b428b1f478bbbd70b618000000
g755	30	肌	3fcff03aceb03aceb03fceb03aceb03aceb03fceb03aedb97aecbab6f8be239828000000
g756	30	荷	6aeba9bffffe0682400bbffe1e6ab92e6a38bebb382ebb380ebf380e01b80e00f4000000
g757	28	六	002c00002c00002c00bffffe6aaaa90200800782d00b00e01e00b47c003d240018000000
g758	28	去	0038000038002ffff01abaa0003800bffffe6abaa900e06002d0b46baffc3ffaa4000000
g759	28	泉	00b0002ffff82eaab82eaab82ffff81aaea42fee601befe40baee07e6cbd243818000000
g760	28	啄	00bffebf6be9bb1b80bbb9edbb2ef8bb6fb4bb7bb8bb0bfebfbeb9b02ab00003d0000000
g761	28	凸	02ffc002eac002c2c002c2c03fc2fe3a81ae38000e38000e38000e3ffffe3aaaae000000
g762	28	義	0382c03ffffc1aaea41aaea4bffffe6adea46baeb96babb96febb827abea1f69bd000000
g763	28	紀	060aa82e0ffcb9802c2f802c1e8aac7edffc3fae002a8e047ade0eaaaeae5e5bfd000000
g764	28	較	0b00e0bfeae96b9ffebfe7b4bbaa28bbae2dbfebb86b92e0bfe1e06babf90b0a28000000
g765	28	幹	0b01d0bfe7f46baf7dbfe918baebfcbae6e8bfe0e06b9ffebfeae96b90e00b00e0000000
g766	28	軟	0b0340bff3a96babfebfff9ebbbafebbb1e8bff2e06ba2f4bff7b86baf2e0b0608000000
g767	28	帰	0b3ffc0b2aac3b2ffc3b2aacab2aa8abbffe0bbbae0b3ffc0e3bac2d3bb8180380000000
g768	28	鎧	0b49e91fdeee78bffe7fdaa91b8ffe3feaa82b9eac3baffc2f9bb82bebb93e9ffe000000
g769	28	飢	0b4bf02eebb0bbabb03febb03aebb03aebb03febb03a9eb93adeba7ffcbeb99828000000
g770	28	輸	0e07d0bf9eb46eb82dbfaff8aeaa09aebfaebfbbae6e7baebfbfae6e772e0e322d000000
g771	28	板	0e3ffc0e3aa83fb8002e7ffc2f7bac3fbbacbe7bb82e3af40e79e00ebbbd0e2618000000
g772	28	柔	0fffe00abb803ffffc2beeb87eeea024bd002aaea83ffffc02ff906fadb9282c19000000
g773	28	潔	2839a91efdee14b9deb4baae28bfad00ad400d7ad42dafbd28ffe878bbb472db28000000
g774	28	凹	2a92a93fe3fe38e38e38e38e38eb8e38ff8e38000e38000e38000e3ffffe3aaaae000000
g775	28	腐	2aaea93ffffe3aeab93faeb93b9af03a4a903ffffe3fafae7b699ebbafae2b617d000000
g776	28	鼠	2bd2a83a02ac3fc3fc3aaaac2aaaa82d6d702dedf02d6d702dedf56f6f3ebaba1d000000
g777	28	塀	2cfffe2ceaae2cfffebfebad6ee7ad2ceffe2debad2febadbeeffea6db6c008e2c000000
g778	28	延	3faab82bafe80b02c02e6ee83faefc17aec03baec02fbffc1feaa87efffd242aa8000000
g779	28	既	3fcffc3acbb83fcbb03acbb03adbb93feffe3801e03a82f03ae7f97fafbab9097d000000
g780	28	殆	3fe2802e92941e07682febbd3aefedbec0002b8ffc0b4eac1e0e2c7d0ffc240eac000000
g781	28	至	6aaaa9bffffe02c074078ab87fffee2aac081aaea42ffff8002c006aaea9bffffe000000
g782	28	商	6aaea9bffffe0282803ffffc3aebac3bd7fc3aaa6c3affac3aebac3affac3800f8000000
g783	28	壺	6aaea9bffffe1aaea42ffff86aaaa9bffffebaebae2e96b82febf86aeba9bffffe000000
g784	28	誌	bf82c06a6ae9bffffe6a82c0bfaffc6a5ae86a4ae0bfae5dbafe19bfaeb8ba4bf4000000
g785	26	威	000b782aabb83ffffc3aab103aeb683fffa83bbbb87bb2f4bae2eabbfbfd266628000000
g786	26	央	002c00002c000ffff00eaeb00e2cb06eaeb9bffffe00be0006eb906f81f9290068000000
g787	26	芯	00e2c03ffffe2aeae900a580007e0002cb5826c1382ec02d7ac09d76eae410bfd0000000
g788	26	値	0aaae90efffe2d9ae83ceffcbceeac3ceeac2ceffc2ceeac2ceaa82cfffe2ceaa9000000
g789	26	継	0d38e06c3aedba7bfc3f79e42e7ffc7ebaf8befbf82a7eee7bb9e4aafffe5e7aa9000000
g790	26	権	0e0ea80e2ffc3faba92e7ffe2f5eb93fbee9bebffc2eaee80e2ee80e2ffe0e2ea9000000
g791	26	祖	0e2aa40e3ff83fb8382bbab80b3ff81f78387ffab82e7ff80e38380ebab90efffe000000
g792	26	克	6aaea9bffffe002c002ffff82eaab82c00382ffff81aeba406d3896f83ae2902fd000000
g793	26	茶	6aeba9bffffe01aa4002be807f96fd282c282ffff81aaea40baee07e2cbd142c14000000
g794	26	警	6ebac06ebbfe7abfacaebaf92eb79c0aaaa0bffffe0aaaa00aaaa00eaab00ffff0000000
g795	24	＝	0000000000000000001aaaa42ffff80000002ffff81aaaa4000000000000000000000000
g796	24	嘘	0003a8bf6ba8bbbffebbb3aebbbfa8bbb2f8bbb665bbbbbabfefbdb0ebb9006ffe000000
g797	24	虜	003ff02ffaa82ebaac2efaa82dbff82eebac2eebac2daba83efffebaae0e21f8bd000000
g798	24	膚	003ff02ffaa92ebaae2efaa92dbff82eebac2eebac2caaa438eab8b8eab820e074000000
g799	24	昔	02c3803ffffc2aeba86aeba9bffffe1aaaa42ffff82eaab82eaab82ffff82eaab8000000
g800	24	勿	0380000bfffc1febac7de3ac25d76c028b2c1b5e2c7d2c2c20b43c1bd6b80a43e0000000
g801	24	厳	0a28743ffffe3aaaa93bfce93ab9fe3baeec3bfeec3bace87bacb8b7fefe266d88000000
g802	24	掌	0a2ca03ffffc3aaaac2bffe80baae006aa9007fff40aaea40aaea42faffe00bd00000000
g803	24	網	0d3ffe6c3aaeba7bae3f7aee2e7ffe7ebaeebefbae2a7b9e7bbbeeaafa6e5eb82d000000
g804	24	包	0e00001ffff02eaab0baa9b02bfeb0000eb00ffeb00ea9e40e000e0eaaae0bfffd000000
g805	24	触	0e80e02fc0e0baebfe3ffaee3bbaee3ffaee3bbbfe3ff0e438b0ecb5b6fe20ebed000000
g806	24	梱	0ebffe0ebaae3ff2ce2ebffe2fbbee3ffbeebebffe2ebade0eb18e0ebffe0ebaae000000
g807	24	病	1aaea96ffffebdaaa87efffc2c0b00befffcaeebac3adfac7ae9ecb2d0ac22c0b8000000
g808	24	療	1aaea96ffffebdaba87dafb82db9e8bcbff4acbab038bab078aba0b2eb78214e14000000
g809	24	浸	28bff81e6ab8146ab8b4bff829aaa902eaae0efffe2dbab8282ee079afe970f9bc000000
g810	24	堪	2cbab92cfffe2c3ab8bf3ab86e3ff82cbab92cfffe2fbbb9beb97da4bffe00baa9000000
g811	24	腕	3f82c03bbffe3bbaae3fac6d3bafbc3babac3ff7ac7bafb8b38eb477adba27787d000000
g812	24	諸	3fc3802a8b9dbfeffd6aabb93feffe2aabe82aaffc3fceac3aceac3fcffc3a8eac000000
g813	24	獄	6629b97f69b67ebfb9be6afe1e3eb00f29b42f29b87bbeec1bbacc2fbfca2dba89000000
g814	24	獣	6638b466b4b93ff8ba3bbab93bbbfe3ff8b06aa4b46aa4f83ffaec3abbee3aa588000000
g815	24	眺	6a0ee0bf1ee4bbaeedbf6ee8bb0ee0bb2ee8bfbeeebb9ee4bb2ee9bf7cee6024bd000000
g816	24	耐	6aa438bff8380a0bfebffab9baea78baeab8bae9f8bae878bae838bae9b8b5b4f4000000
g817	24	荒	6aeae9bffffe0199803ffffc2eaaa80eaaa40bfff80625800b3ac96e3aee2d39fd000000
g818	24	称	6b4e007e5ffe0e2ee9bfaac06e56c82f6eec3faeedbe7ace6e1ac80e0ac00e0b80000000
g819	24	職	bfeeb87bffba3bbab43ffffe3baab93fbfb83bbbba3bbf3c7fbbba7bbfee03aa9d000000
g820	24	駅	bfeffcbb9eacbfce2cbb8eacbfcffcbb9eb0bfeeb059ae38aeae38aebc2d53d818000000
g821	22	介	00280000be0002d7801b41e47ec3bd12c38402c3800383800783802f03801d0380000000
g822	22	仲	0283800783800baba92efffe7ee38e6eebae0efffe0e93890e03800e03800e0380000000
g823	22	混	28bffc1ebaac25bffc78baac1dbffc0060900ab9e90ebef92db0e479beee24e9bd000000
g824	22	填	2c3af82c3aae2c1aa8bfbbac6ebbfc2cbbac2cbbac2fbbfcbebaa9a46eb900796d000000
g825	22	援	2c6afc2cbfb9bfa7686e3ffc2e2ba82fbffebc6ea96c6ffc2dfbb86c6be9382e6c000000
g826	22	舞	2eaaa87ffffc7bbbb96bbbb93ffffc2eaab82febfc7eebb81bdbb96f6ffe2800b0000000
g827	22	詩	3fc0e02a8ffcbfeae86aaae93feffe2a80382aaffe3fdab93acb783fc2b83a80f4000000
g828	22	嵐	603818bffffc6aaaa83ffff03aabb03bfeb03abab03bbbb03bffb6b6baba23eade000000
g829	22	蒸	6aeba9bffffe06eb8006ab403fee740bafe07eadfd1aaab41aaaa42ceb2c64b34d000000
g830	22	積	6b6ae87e6ae80e2ff8bfaae96eaaa92f7ffc3fbaacbe7aac6e3aac0e2eb80e796d000000
g831	22	驚	6ee6e97aebfd7ab6acabb6f91aa2982ffff82eae902eae902eaea82aaaac77bbb8000000
g832	20	史	0038001abaa42ffff82c38382c38382ffff81abaa40bb40002f9006fafe97902bc000000
g833	20	徐	024bd00b6eb42db42d26bff80b6ba42e6ba8bebffc1e23940eb7ad0e9b8d0e0b40000000
g834	20	伯	02828007aba80b3ffc2e382c7e382c6e3ffc0e3aac0e382c0e3aac0e3ffc0e382c000000
g835	20	林	0380e00380e03ffbfc2be6f80bd3f81ffbfc7baeee2798e80380e00380e00380e0000000
g836	20	痕	0aaea91ffffebeaaa42efff80eeab82eeab8bdfff82ceba828e3b83afdf91be86c000000
g837	20	朗	0b03fe3ff3ae3ab38e3ab3fe3ff3ae38b3ae3ff3fe3aa38e38a78e7fff2eba622d000000
g838	20	揚	0e3ffc0e3aacbfbffc6e7aac0e6aa80ffffebe2ea96ebeee0e6ede6e2aee3d07b8000000
g839	20	縦	182a8da8b6edba51683e1bfe2a7eb97bb8b9bebabe2e3bb06f7bb0aebff96d7a7c000000
g840	20	河	1d6aa90bbffe220038782a781d3fb8003bb80a3bb80e3fb82d38387801b82400f4000000
g841	20	鎖	1e26c92baeed76dae87faffc2e6eacbfeeac6eaffcaeeeac3f6ffc6feab97aae6c000000
g842	20	臓	3fabb93bbffe3b8bb83faaee3bbab93bbbf93fbaaa7bbaecb3baa977fbfa27689d000000
g843	20	医	3ffffc3aeaa839fff03aeea039aea43afff8386f903af9f83aeab93ffffe380000000000
g844	20	弛	bf83806bbb8003bbac3fbffc3abbac7a7bacbfbbb803bb8003b8092bbaae2e2ffd000000
g845	20	酔	bfeb006eaff06eabb0bfebb9aeaebabeec7daaa6c0bffffebaeae9bfe2c0b002c0000000
g846	18	吐	0002c0bf82c0bb82c0b3aae8b3bffcb382c0b382c0bb82c0bf82c0b06ae900bffe000000
g847	18	尊	028740bffffe1aeba42eebb82f87f82eaab82eaab81aaae4bffffe079ac0018b80000000
g848	18	共	02c2c002c2c03ffffc2aeae802c2c002c2c0bffffe6aaaa90781e01f40b8090024000000
g849	18	艦	0c3f383fba393abfbe3ebb607afa29bfbf3e3aaa003abffc7abaecb6baed27bffe000000
g850	18	推	0e0a240e0eb4bfaffe6ebeb90ebffc0faeb8be2eb86e2ffc0e2cb06e2ffe3d2ea9000000
g851	18	愚	0ffff00ebab00ebab00ffff06abaa9babaaeb7ffdeb298bd2ade587aeaee25ffd9000000
g852	18	沈	2803801eaba925fffe78e78e1d9b89000fc00a1fc00e2ec02d7ac979f2ee2491fd000000
g853	18	府	2aaea93ffffe38502438b43839effe3beab93bea3839e7b874e138b0e1b820e0f4000000
g854	18	裁	2aeadc3ffece6aeae9bffffe0242d4bffeec6fe9f86ef8f82eb5fa2ebbfe3e575d000000
g855	18	静	2ba2e42babf83ff6746babfc6aa6ec3ffffe3abaed3abbfc3ff6ec3ab6c03ae380000000
g856	18	敬	2cb280bffec06ebafe0ea7ad2fffac7e7ae87fb9f82eb8f02fbaf81abfae02f608000000
g857	18	零	2ffff81aaea43ffffc3aadac3aadac06be907febfd29aa680ffff00039b0003890000000
g858	18	罪	3ffffc3aebac3aebac3ffffc6ae3a9bfe3fe2ae3a83fe3fc06e3a97fe3fe18e380000000
g859	16	魂	001e00bfbffc6abbac6abffcbfbbac2cbffc2c6ee83aaeeabebafa68b6ed0061fd000000
g860	16	幸	002c003ffffc2aaea8bffffe6baae96baae9bffffe2aaea83ffffc002c00002c00000000
g861	16	噴	006ba8bf7bb8bbfffebbbab9bbbffcbbbaacbbbaacbbbffcbfbaacb07eb800b9bd000000
g862	16	幻	024aa9038ffe1b000e7e900e2de00e0bd00e07800e0b700e6eb80e3eacae0014bd000000
g863	16	刺	02c02cbffeec6aeaec2aeaec3ffeec3aceec3aeeec0bf6ec2ffd2c7adcac12c4b8000000
g864	16	氷	082c001e2c00076c182aae7d3feff402efd007aee01f2cf47d2c7d24ac1800b800000000
g865	16	規	0b2ffc2baeac3feffc0b2eac6baffcbffeac0b6ffc1f9bb82edbb978feba20a87d000000
g866	16	銀	0b4ffc1fdeac78bffc7fdeac1b8eac3feffc2b9ee83baebd2f9e742befed3eae98000000
g867	16	憎	0e1d741ebffe3bbaee3bfaee6abffe6e6aa90e3ffc0e3aac0e3aac0e3ffc0e3aac000000
g868	16	褐	0e2ffc0e2eac3feffc2baeac0b9ea82eeffebfbeee1eaf8e0e2ede0e1fee0e00b8000000
g869	16	柄	0e6aa90ebffe3faba92ebffe2fb38e3ff7debebfbe2eb96e0eb00e0eb06e0eb03d000000
g870	16	貴	1abaa42ebab82ffff86abaa96aaaa92ffff82eaab82eaab82eaab81bffe47e82bd000000
g871	16	巣	1c74341e38b41faef42ebab82ffff82ebab81abaa43ffffc2affa86fbbe92938b8000000
g872	16	滑	1dbffc0bbaac22bbfc78bbad1deaae00bffd0abaac0ebaac2dbffc78b0ac24b0b8000000
g873	16	渋	2803801e63fc14b3a8b5bba92afffe0050140db4782d28a028145078b8b871e02d000000
g874	16	王	2aaaa83ffffc002c00002c00002c002ffff81aaea4002c00002c006aaea9bffffe000000
g875	16	挑	2c2ec02c6ec4bfeeed6daee82e2ec02f7ee4bcbeec6c6ec42c3ec96cbaee3861fd000000
g876	16	擬	2ceefe2ce9aebfeaad6ebd782eaafe2ffdbabcbab96cfebe2c7ab86deff938977c000000
g877	16	露	2ffff81aaea43aaeac3aadac269aa83fcbfc3adfb82b9af93b9fad7beeac7e9ffc000000
g878	16	尽	2ffffc2eaaac2eaaac2ffffc2c02c02ca0e02dbeb42c0a2d385018b9fe80201b40000000
g879	16	届	2ffffc2eaaac2ffffc2eaba82daba82efffc2eebac2efffc3acb2cbafffc22eaac000000
g880	16	順	3abffe3bbae93bbbfc3bbbac3bbbfc3bbbac3bbbfcb7bbacb3bbfcb3bb6922ba19000000
g881	16	脆	3f8ea83baffc3bfab93fbffe3bbaa83bbbfc3fbbac7bbbbcb3f7a877f3aa2762fd000000
g882	16	廻	3fbffc2bbaac0b3bec2e7aec3fbaec17bbec3bb6ac2f7ffc1faaa87efffd242aa8000000
g883	16	貯	3fc0e03aeffe3aeeae3fd8093aeffe3fdae93ac0e03fc0e02a80e07ad6e02483d0000000
g884	16	彫	3ffc183aedbd3ffca03aec043ffc6e3aadf83bec803aec047bec2e72aef8203a90000000
g885	16	石	6aaaa9bffffe00780000b00002d0001bfffc7faaac2b002c0b002c0bfffc0baaac000000
g886	16	窓	6aaea9bffffeb2cba92f87f809a1901adaf42ffeb41598042ede687aeaed21ffd9000000
g887	16	盟	6aaffcbfeeacbaeffcbfeeacbaeffcbffc6c6018382ffff82eebb86eebb9bffffe000000
g888	16	科	6ac1387fdbb80b02b8bfe4386f9e781f86782fe039bb4ffe2b0ab80b00380b0038000000
g889	16	蔵	6aeba9bffffe0183983ffffe3aaba43bff883bbaed3badf87bb9e4b3fffa23a66d000000
g890	16	夢	6aeba9bffffe1aeba42eebb82ffff86aaaa9baeaae6afff90ee5e02abf801ff900000000
g891	16	謎	bea1b4696ababe87bc6ae2b4be6bfe69a6b969f2fdbeb7babab5b4bbfeb9b98bfc000000
g892	16	騙	bfdab8bbafe9bfaea9bb6eaebfaffebbaea9bfeffe56efaaaafbfeaafbaa5b9b59000000
g893	14	公	00d70002d7800b41e06e20b928382800b00000e00002c0a00780f02baff42fea74000000
g894	14	鳥	01e0000ffff00eaab00eaab00ffff00eaaa90eaaa90ffffe19998e39edee64ddad000000
g895	14	句	0380000bfffc1faaac7d002c2bff2c0bab2c0b0b2c0bff2c0baa3c0606b80003e0000000
g896	14	把	0e2aa80e3ffcbfbaac6e7aac0e7aac0fbffcbe3aa86e38040e380e6e3aae3d2ffd000000
g897	14	脅	1abaa42ffff819e1b4bfeffe7aebae2aeba82eaab82ffff82eaab82eaab82c01f4000000
g898	14	汝	280e001e0e0025fffe78aeb91d28380074380abeb00e1be02d0bf879bf6e24b808000000
g899	14	溝	29aeb91ffffe14aeb8b4aeb82afffe00aba80debac2dfffc29ebad79eaad70e0b8000000
g900	14	歪	2aaaa83ffffc01bd806fadf8292c282aaea83ffffc062ea00b2ff06baea9bffffe000000
g901	14	洞	2afffe1feaae16da9eb6efee2ac00e02efee0eeeee2eeeee2aefee7ac06e72c03d000000
g902	14	嬉	2c2ae92c2ae93feffc2edaa82eeeac3aaffc3babb92f2aa91faffc7deeac242eac000000
g903	14	証	3fe6a92a9bfebff0b06aa0b03fe6b02a9bbe2a9bb93febb03aebb03febb93a9ffe000000
g904	14	窟	6aaea9bffffebacbad1fabf82eaaac2ffffc2d8b242afff839aba4bbabac23fffc000000
g905	14	釈	6baffc6eaeacbfec2c6eaeacbfeffc6face02faca07eecb0ae78382eb82d0e2018000000
g906	14	戮	befcec6aaceebaece96ebffe67dae86eb8ed2aa4f82e90b42ae4f91abafe7f9268000000
g907	12	喰	000780bf9ea0bbbff9b3baacb3bab8b3bff8b3bab8bbbae8bfb9f8b0bfb900fa2c000000
g908	12	戒	000e74000e283ffffc2aaea82ece282ecb38bffbb06ee3d42ecbdd3aeefe1ad878000000
g909	12	奇	0038003ffffc2bebe87e82bdbffffe6aaab90ffcb00eacb00ffcb00eaab00003e0000000
g910	12	弁	00d00002d1d00386f42ffffd1ae6d800e2c03ffffe2aeae902d2c01b82c00a02c0000000
g911	12	餌	0b8ffe2eebb9bfabb8ba9bf83aeb383febf83aebb83a9bbe3feff93a9a383a9038000000
g912	12	軸	0e02c0bfc2c06e9ae9bfeffeaeeaceaeeaeebfeffe6eaacebfeace6eaffe0e2eae000000
g913	12	折	0e1ab80e2fe9bfec006eaea90eaffe0fecb0be2cb06e28b00e38b06eb4b03d20b0000000
g914	12	批	0e38e00e38e0bfb8e06e78e80e7efd0fb9e0be38e06e38e40e38ee6ebeee3db9bd000000
g915	12	織	18b9b8a8febabaacb43efffe2aaab97bbeb8befaba2ebe3c6fbabaaefeee6dba9d000000
g916	12	汁	1d02c00b42c02202c0786ae91dbffe0002c00a02c00e02c02d02c07802c02402c0000000
g917	12	還	26fffc7aeaac29aaa802fffc68aaa4bceab82cafe82dbbb92edb28bbfffd20aaa8000000
g918	12	泡	2828001e7ffc14baacb6ffac289bac0003ac0dbfac2dbab828b06978baae707ffd000000
g919	12	渾	28aaa91efffe25ebae782ba41dbffc00bbac0abbac0ebffc2daba978fffe240380000000
g920	12	濃	28aee91eeeee14eeeeb4fffe29aaa901eaa90deffc2deaa929eeed7aceb970ae2c000000
g921	12	逼	28fffc1e6aa424bab878bff818aaa869ebacbefffc0eebac1eaaa87bfffd20aaa8000000
g922	12	湾	29aba91ffffe14ace8b5eeed29aee801aaac0dbffc2dfaa92afffe7982ae7001f8000000
g923	12	鹿	2aaea93ffffe3aeba83ffffc3aebac3ffffc3a42543bfbf877a794bbbbae2be6fd000000
g924	12	坂	2cbffc2cbaa82cb000bebffc6dbbac2cbb2c2cb3b82eb2f4bee1f4a6ebbd008e18000000
g925	12	墨	2ffff02ebab02ebab02abaa42abaa4bffffe69a76924aa182ffff86aaea9bffffe000000
g926	12	尋	2ffff80aaab80aaab82ffff86a96a96e9bae6febfe6802c0bffffe0a02c0075f80000000
g927	12	馬	2ffff82eaea42ffff02eaea02ffff02eaea02ffffe1aaaae2aeece39edee64ddad000000
g928	12	尺	2ffffc2eaaac2c002c2eaaac2ffffc2c0e002c0b002c03803802d0b800b9200028000000
g929	12	骸	3fe0e03aeae93baffebff6d0babfb8bff7b43ae2ed3aeba83feab43aeaf93ada5c000000
g930	12	厄	3ffffe3aaaa939aaa03afff03ac0b03ac0b03acbf03ac6a076c02cb2eaac21fff8000000
g931	12	薄	6aeba9bffffe1587642efffe18aba8b4ebac24ebac14aab82efffe78a6b07022e0000000
g932	12	勘	6eb8e0bffce02eb2e92eb3fe2ff0ee6eb8eebffdde3baace3a7a8e3fffae3aaa38000000
g933	12	謝	be742c69fe2cbeeefe69eeadbefeac69eeec6affbcbebe6cbabe2cbaee6cb95d38000000
g934	10	哀	002c00bffffe6aaaa92ffff82eaab82eaab82ffff80bdb68bec2f42aecb90be828000000
g935	10	束	002c00bffffe6aaea92ffff82eaeb82eaeb82ffff800bf401beee47e2cbd142c14000000
g936	10	恋	002c00bffffe6aeba928e3a47ac3ad279f88020a002aee182ec9bc7aeaee21ffd9000000
g937	10	辛	0038003ffffc2baae80282806aeba9bffffe0038003ffffc2abaa8003800003800000000
g938	10	支	003800bffffe6abaa90038002ffff01baaf00782e002fb8000bf406febf92e41b8000000
g939	10	項	003ffebfaba96e6ffc2c2eac2c2ffc2c2eac2c2ffc6f6eac7e6ffc006e7900392c000000
g940	10	価	0aaaa90efffe2d0ee03cfffebceeee3ceeee2ceeee2ceeee2ceeee2cfffe2ce00e000000
g941	10	疲	0aaea91ffffebeaba82efffc0ee3ac2eeba4bdfff82cee3829dbb03aebe819ae78000000
g942	10	封	0b00383ff0382babfe6baab9bffa380607782ba2b83ff1380b00386bf9b8bea4f4000000
g943	10	赦	0b0340bfe7806b9bfc6bafb8bfff382edbb86ea2f0aeb2e06ed7f47adfbd268918000000
g944	10	朽	0b1aa90b2ffe3fe3802b97400f8bfc2feeac7b412c1b002c0b002c0b02b80b02f4000000
g945	10	拍	0e01d00e1be8bfeffc6eac2c0eac2c0feffcbe2eac6e2c2c0e2eac6e2ffc3d2c2c000000
g946	10	輪	0e0280bf8be06e6d78bfbffdae9694aebffcbfbaec6e7aecbfbffc6e7aec0e35a8000000
g947	10	皆	0e0b140ffbf80eab940eab0e7ffbfe29a2a80ffff00eaab00eaab00ffff00eaab0000000
g948	10	及	1aaa902fffe00381d00386e4038bf807d0740bb5e00e2f802d2f807af9f9129028000000
g949	10	爪	1aaaf42fffb82c38b02c38b02c38b02c38b02c38b02c3878383838b4382e203808000000
g950	10	沿	1d0ee00b5ee0222cb878b82e1d2008003ffc0a3aac0e382c2d382c783ffc243aac000000
g951	10	責	2abaa82abaa82ffff86abaa96aaaa92ffff82eaab82eaab82eaab81bffe47e82bd000000
g952	10	揃	2c28742cfffebfaaa96eff0e2eebae2ffbaebcefae6cfbae2cefae6ceb2e38ee2d000000
g953	10	嫌	381d7438bffebf6ee97b3ffc3b6eed7bbffeba2eec2e2ef82fbef876aeed604ee4000000
g954	10	姪	382aa9383ffebf8b147b8e2c3bbffeb76ac8bb1ae86e2ffc2f42c0baaae9203ffe000000
g955	10	膨	3f2c083bbfad3b6e643fbf843b6a5e3bbbb83fbfa07b6344b37b5e7b7bb826baa4000000
g956	10	囮	3ffffe3aaaae38ee0e3ade9e3bcfee3ace4e3aceae3acffe39869e3ffffe3aaaae000000
g957	10	獲	666eb97faeb97e3ae8bebae81ebae80f3ae82f3ffc7b2aa81b2eac2f0bb42d7ebd000000
g958	8	呑	000ad02ffea01ab800bffffe6aeba91b82e47eaabd1ffff40e00b00ffff00eaab0000000
g959	8	串	002c002ffff82eaeb82eaeb82ffff82aaea83ffffc382c2c3ffffc3aaeac002c00000000
g960	8	牢	002c00bffffebaaaae692c091ffff87eaea4242c00bffffe6aaea9002c00002c00000000
g961	8	宗	002c00bffffebaaaae6bffe906aa903ffffc2aaea8076dd06e2cb929ac2800f800000000
g962	8	宣	002c00bffffebaaaae6ffff90aaaa00eaab00ffff00eaab00ffff06aaaa9bffffe000000
g963	8	煮	0038140fffb86abaf9bffffe06bea07faab02bfff00baab01aaaa42ceb2c64b34d000000
g964	8	劣	0138801b39e0bdfabd206b586af9003fac002ffffe1abaae01b40e2bd2ae1e02f8000000
g965	8	伸	0282c007aae90b3ffe2e3ace7e3ffe6e3aee0e3aee0e3ffe0e02c00e02c00e02c0000000
g966	8	但	02aaa807bffc0b382c2e3aac7e3ffc6e382c0e382c0e3ffc0e2aa80e6aa90ebffe000000
g967	8	九	02c00002c0003fff802aeb8002c38002c38002c38403838e0b438e6e03fe2801a8000000
g968	8	矢	0380000bfff81faea47d2c00142c00bffffe6abea900be0006eb906f82f9290068000000
g969	8	井	0382c00382c03ffffc2baae80382c06baae9bffffe0742c00b02c02e02c01802c0000000
g970	8	郎	0383fe3ffbae3abb9d3abba83ffbb8383b9d3ffb8e3aa79e3877bd7fffa4baa780000000
g971	8	承	06aa800bffc02a1a903f6ee90bbefd0eaeb41eff782dae6cbaffae21ac0800f800000000
g972	8	弟	0741d02bebe83ffffc1aaeac2ffffc2eaea93ffffe01fc0e1bac7e7e2c28142c00000000
g973	8	益	0a00a00782d03ffffc2aeba80782d06e00b92ffff82eebb82ceb386eebb9bffffe000000
g974	8	償	0a63980ebbb92deaae3cbab9bc3ff83c6aa82cbaac2cbaac2cbaac2c6ef82c7868000000
g975	8	疾	0aaea91ffffebea0002ebff80eeba42e4b00befffe2dafa9282fd03af9f919e078000000
g976	8	俄	0aaee80ebeee2d2ce43cfffebcaee93c2dad2c6fae2dfd7c2c6cba2caefe2cb989000000
g977	8	儲	0abce00e6af92efded3daafdbcfaed3ca6ee2cabfd2efeac2eeeac2eeefc2efeac000000
g978	8	杖	0b00e00b00e03feffe2b9ae90f94e02ff8e07b6ec01b0f800b0b800b6ef90b786c000000
g979	8	払	0b02800b02c03fe3802b93800b57400beb10bf4a382b0e2c0b2ebd2b7fee2e2808000000
g980	8	柱	0b07400b02803feffe2b9ae90f82c02feae87b6ffc1b02c00b02c00b2ae90b3ffe000000
g981	8	軌	0b0b00bfeb006baba0bffff0bbabb0bbabb0bfebb06b9bb9bfeeba6badbe0b0828000000
g982	8	趣	0b2a803fffe82babbc2baf6c3febec1b2ffc3beb783fbfbd7f6798bbfffd20aaa8000000
g983	8	凡	0bff800bab800b03800b63800bb3800b3b800b13840e038e2d038e7803fe2401a8000000
g984	8	袖	0e02c00e02c03feae92bbffe0bbace2efaeebfbffe1ebace0e3ace0e3ffe0e3aae000000
g985	8	拙	0e02c00e2eecbfeeec6eaeec0eaffc0fc2c0be3ace6e3ace0e3ace6e3ffe3d3aae000000
g986	8	控	0e02c00e3ffebfbaae6e6ab90e6eb90f9d7dbe1aa86e2ffc0e02c06e2ae93d3ffe000000
g987	8	愉	0e07801e1ee03bb8793b6fe86aa9186efeec0eeaec0eeaec0efeec0eea6c0ee938000000
g988	8	悦	0e28281e1db43b3ffc3bbaac6a782c6e3ffc0e2ee80e1ee00e2ce90eb8ee0e60bd000000
g989	8	損	0e2ff80e2eb8bfdaa46ebffc0ebaac0ffaacbe3ffc6e3aac0e3ffc6e6d793d2968000000
g990	8	提	0e2ffc0e2eacbfeffc6eaeac0e9aa80ffffebe2ae96e2efc0e2ee86e7fe93d72fc000000
g991	8	概	0e69a90ebefe3ffaec2ebeec2fbaed3ffffebeb0382eb9b80ebafa0ebfee0ef69d000000
g992	8	貫	0ffff86eaeb96ebab92ffff01aaaa42eaab82eaab82eaab82ffff86f82f93e41bc000000
g993	8	刀	1aaaa82ffffc00b02c00b02c00a02c00e02c01d02c02c02c07802c2e06bc1803e4000000
g994	8	竜	1aaea42ffff80281d0bffffe6aaaa90ffff00eaeb00eaeb00ffff40e2eae001ffd000000
g995	8	浪	1d03800bbffc22baac78bffc1dbaac00baac0abffc0eb3ad2db2f479beb926f928000000
g996	8	鋭	1e64282badb476fffc7fbaac2e782cbfbffc6e6ee8aedee03f6ce96ff8ee7aa0bd000000
g997	8	崖	242c183ffffc2aaaa83ffffc3aaea83afff83aaea83aaea83bfff8b6aea92bfffe000000
g998	8	逸	243a9078bae029eae401ebb868ebb8bcaee42c2ac92db6fe2e90a8bbfffd20aaa8000000
g999	8	誉	2460642c78e0bffffe6baae96eaab92ffff80aaaa00aaaa02ffff82eaab82eaab8000000
g1000	8	逮	24aea078aeb02afffc01aeb868fff0bddf642cbff82deeb92e4818bbfffd20aaa8000000
g1001	8	沫	2803801eaba914fffeb40380286ba800bffc0d0bd02d2ff428bbbd78a39d704384000000
g1002	8	沌	2803941eabfd14ff90b4939828e3ac00e3ac0debac2dfffc2893897803ae7002fd000000
g1003	8	浴	2828901eb8b825a228780b801d7ef401e42d0abff80ebab82db03878bff824bab8000000
g1004	8	潮	2838fe1ffeee15b9eeb6fefe2aeeee02eeee0efefe2eb9ee2afeee79bade70389d000000
g1005	8	渉	2863801eb3f814b3a4b6fffe29aba900b3b80eeb9e2d4fb82802e079af8070b800000000
g1006	8	泄	2863b81eb3b825b3b87afffe1ebbb900b3b80ab3b80eb3f82db00078bffe24baa9000000
g1007	8	漢	286eb91e6eb9256aa878bbac1dbbac006ba80abffc0e6ba92d6be978aee924b86c000000
g1008	8	潰	28aba81eebac14fffcb5aba929aaa900fffc0deaac2deaac28eaac78bab871f8bd000000
g1009	8	漫	28bffc1ebaac25baac786aa81dfffe00eeee0aaaa90efffe2d2e7878aff92479b8000000
g1010	8	浮	29aafc1effad14729db43698282aa4003ff80d01e02dfffe28aae9781ac0700f80000000
g1011	8	硝	2a96c83feedd0e0ff82c1ae82feffc7eeeac7eeffc2eeeac2eeffc2fec6c2c2c38000000
g1012	8	群	2a9a183fe7686eeffebffae92ee6e83febfc2e90e0bfeffe2ceae92fe0e02e90e0000000
g1013	8	弊	2ba6e92bb6fe3fffac3baaec3fbaf93bb79d02c2c0bffffe6beae90b82c03e02c0000000
g1014	8	城	2c00e92c6aed2cbffebfb0e06ebfe82cbbee2cbbbc2fbbb8beeef6a4eaee00619d000000
g1015	8	揮	2caaa92cfffebfebae6e2ba42ebffc2fbbacbcbbac6cbffc2caba96cfffe380380000000
g1016	8	掲	2cbffc2cbaacbfbffc6ebaac2e6ea82f7ffebdfaee6c7e8e2c3aee6c2fee3801f8000000
g1017	8	勧	2ea2c07ff2c06ba6e9bffbfe1ee6ce2ee6cebff28e2ee38e2ee74e2fffae2ea6b8000000
g1018	8	霧	2ffff82aaea83aadac3aadac2a86003fdffc6e9bb46fafad7e4ae82b0bac1e1e68000000
g1019	8	誇	3faba82a7ffcbfaef86abebd3f9ff42a6aa82a7ffc3f9ea43aaff83f86b83a42f4000000
g1020	8	胸	3fac003baea93bbffe3ff55e3bbeee3bbbae3fbeee7bbaaeb3bfee77a0ad2740b8000000
g1021	8	胞	3fea003aebfc38eeac3fffec3aeaec3ae2ec3fefec38eeb878ee09b2eeae22dbfd000000
g1022	8	麗	3febfc2a96a83aebac25aa583ffffc3aeba43aebb83ffff87ae3a4b6e3a92bfafd000000
g1023	8	賜	3feffc3aeeac3aeffc3feeac3aeffc3fdba93aeffe3fdaee2aaede7aebee249a3d000000
g1024	8	謂	3feffe2aaeeebffffe6aaeee3fdaa92a8ffe2a8eae3fceae3acffe3fce0e3a8e2d000000
g1025	8	預	3feffe2aeae91e8bfc0b8bacbffbfc6bbbac0bebfc0b8bac0b0bfc2b0aa92e0a59000000
g1026	8	則	3ff02c3ab3ac3ab3ac3ff3ac3ab3ac3ff3ac38b3ac3ff3ac2ea02c7df5ac2460f8000000
g1027	8	烈	3ffc0e2baace0bfece2eaece7f6ace12f6ce2bd0ae1e00bd28eb2838a76c64a348000000
g1028	8	胃	3ffffc3aaeac3ffffc3aaeac2aaaa82ffff82eaab82eaab82ffff82c02b82c02f4000000
g1029	8	輩	6aeba96aeba92aeba86febfe24aa00bffffe1aaea42eaeb82eaeb86aaea96aaea9000000
g1030	8	綺	6aeba9bffffe1aeba42ffff86baee9bffffe1baee42ffff82aaea83ffffc002c00000000
g1031	8	薦	6baae96baee93ffffe3aeba83aebac3ffffc3aeaa83aeaa877fffeb6aaae2abaed000000
g1032	8	郭	6baafebffeee2aa6dd3abae83ffae82aa6dd2ab6ce6aeedebffaed1ac2d40f82c0000000
g1033	8	頃	b03ffeb02ba9b26ffcbbaeacbe2ffcb02eacb02ffcb2aeacbfeffc2aae7900392c000000
g1034	8	酵	bfead46e9ffc6e9ae9bfeffeaea6e0befff8aaa9b8bfeaf9baeffebfe6e0b003d0000000
g1035	6	志	002c006aaea9bffffe002c003ffffc2aaaa80198042ade1c3ac4ae76eae811ffd0000000
g1036	6	喋	003b38bfbffebb7bb9bb3bf8bb3aa9bb3ffebb6ba9bbbffebf2fe4b0bbbd002394000000
g1037	6	往	0247400b42802dbffe26aae90b42c02e2ae8be3ffc1e02c00e02c00e6ae90ebffe000000
g1038	6	創	02d02c0bbaec2eafec2ffeec2eaeec2eaeec2ffeec3aaaec7bae2c7bfe6c1ba938000000
g1039	6	慈	0782d0bffffe6aaae92e86e46e9bb81ea2dc7ffbfe292a852ade587aeaee25ffd9000000
g1040	6	僻	0aa9380efefe2deead3ceeacbce9fe3ce9b92dfeb92efafe2eba382dbe382c3938000000
g1041	6	停	0aaba90efffe2d6aa83cbaacbcbffc3caaa92cfffe2ceaae2c3ff82c1ac02c0f80000000
g1042	6	偶	0abff80ebbb82dbff83cbbb8bcbff83daba92efffe2ecb9e2eebbe2eeeae2ec03d000000
g1043	6	礼	0b0b000b0b003ffb002aeb0002db001bdb00bfbb002b1b040b0b0e0b0bae0b07fd000000
g1044	6	拘	0e0e000e1ea9bfeffe6eb80e0eafce0feecebe2ece6e2ece0e2fce6e00ae3d00b8000000
g1045	6	輌	0e2aa9bfbffe6e6ae9bfbffeaebaeeaebefabfbaea6e7ffebfbaee6e72ee0e31ad000000
g1046	6	狂	199aa92feffe1f80e07ec0e026d0e007effe2eeae978e0e010e0e01aeae90faffe000000
g1047	6	席	1aaea92ffffe2dbae82efffc2c3ae02c3fe02daba83afffc3acb2cb6cb7c218b24000000
g1048	6	癒	1aaea96ffffebc1f907db8b92c9a98bcebaeacebae38eb6e78aa08b6baad222ff5000000
g1049	6	糖	1eaba8aefffc2fbba46ebbb8bffffe2ebbb93ffff8befaa86ebeac1eeffc0e6eac000000
g1050	6	迂	282aa81e3ffc2402c0786ae918bffe6902c0be02c00e1fc01e0a407bfffd20aaa8000000
g1051	6	泌	282e001e0b60140978b40eb0288ee800eeed0edf8d2edf5428be387afeb871dbf4000000
g1052	6	召	2aaaa83ffffc00e02c06c02c7e42f81401a00ffff80eaab80e00380ffff80eaab8000000
g1053	6	罠	2aaaa83ffffc3aebac2aaaa82ffff82eaab82ffff82eaea82eaba86fe7aeba91b8000000
g1054	6	耗	2b90a03fefe42b9b803febf82b9fa43fe3a81f9bfc2fef80bba3892b03ae0b02fd000000
g1055	6	襲	2baba82eeba8bffaac2aaba83abba83abba838a7ad2aaea82bebb87aeaf40fe8bd000000
g1056	6	跳	3fcbb03adbb43afbba3febb92b8bb03b9fb93befba3b1bb47bcfb9beaeba60187d000000
g1057	6	蔽	6baae9bffffe1251d07bb9e97baafebffbecb7baecbfa8b8a7b8f4b3baedb2b598000000
g1058	6	講	bfaeb96a7ffebfaeb86a6eb8bfbffe6a6ba86a7bacbfbffcbabbadbfbaadba78b8000000
g1059	4	ε	000000000000000000000000007e0000eb8000f90002f80002ea0000be00000000000000
g1060	4	昨	000b00bf8ba9bb9ffeb3af00bbfba8bfabfcb38b00b38ba8bf8bfcba4b00600b00000000
g1061	4	噂	0028743fafed3b6ae83bbaec3bb8bc3bbaac3bbaac3b6ab83fbffe3829b00005e0000000
g1062	4	寂	002c00bffffebaaaae63a3fd03a2acbffbac6ba7b827a2f8b7b9f42b97fd0f4758000000
g1063	4	卑	00a0002ffff82ebab82ffff82ebab82ffff81baea46baea9bffffe000e00000e00000000
g1064	4	暇	00befebfbaaebbbafebbbea9bbb0febfbeaebbbadebbb9fcbfbeb8bab1ee60b088000000
g1065	4	俊	024a6007aeb80bbfe82e28ee7eb8bd6e6ba80e1ffc0e7e280e27f40e6fb90e392c000000
g1066	4	其	0382c03ffffc2baae803ffc003aac003ffc003aac0bffffe6baaa96b82e92e00b8000000
g1067	4	級	061aa42e2ff8b98e382f8eb81e8ebc7edf6c3fbee82a9df47ae9f8aabb9e5e6248000000
g1068	4	袋	062ca01faffe7efea92e0b890e02fe0918683ffffc2beba86fc2f82aecb90fe82d000000
g1069	4	倫	0a0b800e2ee02db4783dfffdbc5a943cfffc2ceeec2ceeec2cfffc2ceeec2ce9a8000000
g1070	4	偽	0a22800e7a802d6fa43cbff8bc0eb83c2ffc2c7aad2dfffe2e996e2caede2c89bd000000
g1071	4	巻	0a39d01bbbe42ffff800ab00bffffe6baae96ffff92aaba80bff900baab807fff4000000
g1072	4	偏	0aaaa90efffe2caaa83ceaacbcfffc3ceaa82cfffe2cfbae2eeffe2eebae2caa5d000000
g1073	4	甘	0b00e06baae9bffffe0b00e00b00e00bffe00baae00b00e00baae00bffe00b00e0000000
g1074	4	校	0b02c00b1ae93ffffe2b9a740f9d282ff92d7b5b781b07e00b02e00b2fb90b1d28000000
g1075	4	怯	0b02c02b02c03baffc3bdae8ab82c0ab7ffe1b2ba90b07a80b0b2c0b2ebd0b2fed000000
g1076	4	執	0b03803fc3802b8ff8bfebb82ac7b8bfef786b97b86b9ab8bfee3a0b1d3a0b2c2e000000
g1077	4	州	0b092c0b0e2c2b5eac3baeecbbbefc7b3ebc1b0e6c0e0e2c1e0e2c2d0e2c08092c000000
g1078	4	飼	0b4aa92eeffebbaa8e3fefce3aea8e3aeece3feece3a9fce3aca8e7fe06eb9903d000000
g1079	4	将	0baafc6bbfa93f125d2f76ac1b25680b6ab91fbffe7f1d387b0a381b02b80b02f4000000
g1080	4	緯	0d1ba46c1bb8ba7ffe3f6aa92e6eac7eaffcbeeae82a6ee87bfffeaaeae95e82c0000000
g1081	4	紹	0d2ffe6c1baeba478e3f6e6e2e593d7e9aa9beeffe2a6c0e7bac0eaaeffe5eaeae000000
g1082	4	掟	0e02c00e3ffebffaae6e9aa80eaffc0fc2c0be12e86e2efc0e2ec06e7fe93d72fc000000
g1083	4	悼	0e03a81e03a83b3ffc3bbaac6a7ffc6e3aac0e3ffc0e6ba90ebffe0e03800e0380000000
g1084	4	拾	0e07800e0bd0bfadb86eb42d0ebff80faaa4bebffc6ebaac0eb02c6ebffc3dbaac000000
g1085	4	蜂	0e0ba80e2ffcbfee78aeebf9aedfb8aedae9bfdae90e8ffc0edae96ffffebaa2c0000000
g1086	4	抵	0e1aa80e2ff8bfecb06eacb00eaffe0feeb9be2cb06e6fb40eba7a6e2abe3d3fdd000000
g1087	4	准	102890383ad01dbffe02fae902fffc09bae82dbffc2cbae878bae920bffe00b000000000
g1088	4	縛	1802e8a83ffeba2ae93e3aee2a3ffe7b7aeebeaab92e3ffe6f6eb9ae9eb86d44f4000000
g1089	4	営	1824281e2cb4bffffebaaaaebbffee0baae006ba902ffff82eaab82ffff82eaab8000000
g1090	4	犯	19affc2feeac1f6c2c7fac2c27acac07ecb82fec007aec0412ec0e1baeae0e5ffd000000
g1091	4	農	1aeba42eebb82eebb82ffff86aaaa86eaaa82efff02eaaa93aefb9baebf927a4b8000000
g1092	4	懇	1b8ffc7baeac1edffc7aceac6eeeec2aeeb97aefad039d082ade587aeaee25ffd9000000
g1093	4	挙	1c74341e2cb43ffffc2beaf87fabad27fe941aaea41aaea4bffffe6aaea900f800000000
g1094	4	釣	1e0e002b8ea976effe7fbc0e2e580ebfc60e6e878eaec18e3f400e6fc0ae7a80b8000000
g1095	4	鎮	1e2ae92baae976effc7faeac2e6eacbfeffc6eaeacaedaa83f7ffe6fea797a9928000000
g1096	4	述	2003b978039818fffc69aba8be3bb80eb7ac0ef39e0e638d1e02407bfffd20aaa8000000
g1097	4	週	24fffc78ebac28efec00ebac68eaacbcefec2deeec2dcafc2e4064bbfffd20aaa8000000
g1098	4	辿	2803801e938924e38e78e38e18e38e69e38ebefffe0eeaae1e90097bfffd20aaa8000000
g1099	4	淀	2803801efffe14eaaeb46aa828bffc0003800d43a82db3fc28b78079ffa971cbfc000000
g1100	4	湯	28bffc1ebaac14bffcb4baac286aa800fffe0dbaa92eeeee28aede782bee700ab8000000
g1101	4	競	2b96e83febfc6ee7a9bffbfe2a96a83aebac3aebac2fd7f82eebb97aeaba61897d000000
g1102	4	革	2baae83ffffc03aac003ffc01aaea42eaeb82ffff81aaea4bffffe6aaea9002c00000000
g1103	4	拠	2cb0a02cbef0bfbab06eaab02eeab02feeb4bcbeba6c2eae2c3e586dfba93892fc000000
g1104	4	摂	2cbffe2c6eb9bfaff86e6eb82c2eb92fbff9be68286c7d7d2c08206c2da438b86d000000
g1105	4	曇	2ffff82eaab82eaab81aaaa42aaea83aadac3aadac1aaaa06aaaa96beaf92ffeb8000000
g1106	4	腺	3f8b003bbff83bbab83fbab83bbff83bab943fbffc7b9ff4b3bbb877abad274b44000000
g1107	4	脇	3f9ba83baffc3b8b6c3fadbc3b84643bac383fbfbe7bab7ab3ab7a77bbba27baad000000
g1108	4	孤	3faab82bbff90b7bb80e3bb80e7bb86fbba83e3bac0e3bac0e7bad2eb7ee2d2ba8000000
g1109	4	腑	3faae93bbffe3bba183fbbac3bbbbe3bbf6d3fbfac7bbbbcb3b76c77f36c27a338000000
g1110	4	腫	3faafc3bab803bfffe3faba83bbbac3bbffc3fbbac7baba8b3bffc77aba927bffe000000
g1111	4	膜	3faeb93bfffe3baeb83fbaac3bbffc3bbaac3faba87bfffeb3abe977bef927b868000000
g1112	4	賭	3fc3803adb9d3aeffe3febad3afffe3febed3afffd3feeac2aaeac7aeffc24aeac000000
g1113	4	託	3fdab42a8fe8bfe3806a93803fc3ac2aafe82a9b803fc3803ac3893fc3ae3a82fd000000
g1114	4	裂	3ffdac2baaec1ffeec7baaec2ae0ac1f58783ffffc2beba86fc2f82aecb90fe82d000000
g1115	4	猟	6666197fbbb87e2af4be3ff81e3bb80f3ff82f3bb87b3bb81b7ffa2fb3ae2e639d000000
g1116	4	百	6aaaa9bffffe02d0002ffff82eaab82c00382ffff82eaab82c00382ffff82eaab8000000
g1117	4	案	6abaa9bffffe6abaa91bebe406ff902fe2f80a2c203ffffc2affe8bfadbe282c18000000
g1118	4	繋	6ba3f42ba7ba3bb76d3bbbfc6ba6a83bbbbd06b6040bebb46afebd2bbad92e7af4000000
g1119	4	貰	6ebae9bffffe0ebae00eaaa90aaaa92ffff82eaab82eaab82eaab81bffe47e82bd000000
g1120	4	靭	6ee6a9bffbfe2ee2ce1b96ce3ffbce3bb7de3ff2fe2ba3aebffb4e6bab6e038a38000000
g1121	4	顎	befbfeaeb6e9befbfc2a8bac3fcbfc6aabacbffbfc2e9bac7febfc1aeaa90b8a59000000
g1122	4	陽	bfbffcbbbaacb77ffcba3aacba2aa8b7bffeb3aea9b7faeebb6eeeb52aeeb00a78000000
g1123	4	騒	bfeffcbb9bacbfc7b8bb9af9bfda68bb9ae8bfeffc59aeecaeaffcaeaaed53efed000000
g1124	4	歌	bff3406ae3a93eebfe3aef9e2aeafe6ae1e8bff2f029e2f83ae7b83eef2c22d624000000
g1125	2	叶	0002c0bf82c0bb82c0b3aae9b3bffeb382c0b382c0bb82c0bf82c0b002c00002c0000000
g1126	2	寸	000380000380bffffe6aaba90403800e0380078380014380000380006b80003f40000000
g1127	2	盛	000b743ffffc3aaba83ffbb87ab3e9b2fbfe719a682ffff82eebb86eebb9bffffe000000
g1128	2	晴	002ae8bfaae8bbbffcb3aae9bbaaa9bfbffcb3baacb3baacbfbffcba78ac6038b8000000
g1129	2	嚇	003838befefebab9b9bab9b9bafefebaacacbaaaaabbabaabeadadb1edec00a8a8000000
g1130	2	冬	00b00006ffe02faad01ad2c000ff406bebe93e64bc006e0002a50002be80000a80000000
g1131	2	怠	01e0606bebf83ffaad0aaaa40ffff80eaab80ffff8119e042ecaa87aeaee21ffd9000000
g1132	2	幼	0242c00742c01b0ae97e8ffe2ed2ce0b82ce07428e0ea38e6eb78e3ebfae0026b8000000
g1133	2	免	02ea8007ffc01e07407ffff82eaeb82eaeb82ffff802c38407838e6f43fe2801a8000000
g1134	2	札	038b00038b003ffb002beb000bdb001ffb007bab00278b04038b0e038bae0387fd000000
g1135	2	災	0a1e2c2d78b438b4e01e2d780609181438602d78a008bd5002db40af42e8790068000000
g1136	2	仇	0a2c000e2c002dae903cffe0bc2ce03c28e02c38e02c38e92cb0ee2ce0fe2c6068000000
g1137	2	借	0a2cb00ebffc2d6eb83caeb9bcfffe3c6aa82cbffc2cbaac2cbaac2cbffc2cbaac000000
g1138	2	仰	0a6ea90ebefe2db0ee3cb0eebcb0ee3cb0ee2cb5ee2dbeee2ce4e82c00e02c00e0000000
g1139	2	傾	0a92fe0ee1b92de2fe3ceaeebcfefe3ce6ee2ce2fe2ceeee2cfffe2c69ed2c0289000000
g1140	2	働	0aadb00eb9b02effb93dbafebebbba3effba2ebbba2dbaaa2efeea2dbaee2ee9a8000000
g1141	2	衝	0aae691dbabe7aff8066ba691fbbbe7eff2c7ebb2c2dba2c2eff2c2dbaac2efa78000000
g1142	2	忙	0b02c02b02c03bbffe3beea9ab9e00ab0e001b0e000b0e000b0e000b0ffc0b06a8000000
g1143	2	牲	0b02c03b2ec03feee9bbbffe6b2ac00b86c02faffc3b1ae80b02c00b2ae90b3ffe000000
g1144	2	斬	0b06b8bffbe96bab00bffba9bbbbfebbbb38bffb386bab38bffb386bae380b0638000000
g1145	2	繕	0d1d286c3ffeba5ae83f5ae82e7ffe7e9ad8bebffe2a5aa97baeaeaaeffe5eaeae000000
g1146	2	捻	0e0bd00ebdb93fafec2e6aa40e7ff80f86b43e1a942e2ecd0eac592e6eb82d1ff4000000
g1147	2	犠	0e1d742ebffe3faba8ae6ba86ebffe0eabb96faeb9ae6eb90e6fbd0e2eba0e7dad000000
g1148	2	輳	0e2ba8bfeba86eaff8bfebb9aefffeaeeeb9bfefed6eaae8bfebe86eafb90e1d28000000
g1149	2	輻	0e2ffebfdaa96e8ffcbfceacaecffcaedaa9bfeffe6eaeeebfeeee6eaffe0e2eae000000
g1150	2	吊	0ffff00eaab00e00b00ffff00abaa02abaa83ffffc38382c3838ac3838b8003800000000
g1151	2	齢	1791e02b92b4bffb687bbffe3bb5a43ffbfc3b76ec3ff2ec37b2fc3ff2d43aa2c0000000
g1152	2	刃	1aaaa82ffffc00b02c00b02c07b02c0bf42c00fe2c02d92c07802c2e06bc1803e4000000
g1153	2	寿	1aaea42ffff80aaea00abaa0bffffe6abae92aeae83ffffc1bb4e07d2ae01003d0000000
g1154	2	痺	1aaea96ffffebc28007efffc2eebacbeebacaefffc3877807bfffeb2aba9200380000000
g1155	2	痴	1aaea96ffffebd80a87efefc2fb9ecbeb9ecaefeec3878ec78fdecb2defc2184ec000000
g1156	2	瀕	1f5bb87adfbabadbb43feffe3adbb93acbf93fcbbe3aaf783a8bba7febfebade89000000
g1157	2	岩	242c183aaeac3ffffc6aaaa9bffffe02c0001bfffc7eaaac2e002c0ffffc0eaaac000000
g1158	2	遮	24aae978fffe28ebb900fffe68eb38bdebf82ed6582cb7aa2e6255bbfffd20aaa8000000
g1159	2	遥	25aafc78ffa92877a8007ab4686ba4befffe2debad2cfffc2eaaa8bbfffd20aaa8000000
g1160	2	狩	2642c02fbffe2e3aae7f24b91b6ab90bbffe2f89b0778ab01386b01b82b00e02e0000000
g1161	2	洩	280b001efffc14ebacb4fffc28ebac00fffc0deba82d92b82806e979afbe70b82d000000
g1162	2	讐	29d768beefb92ee6b92ee3b92ff3fe06aa906aaaa96aaaa906aa900eaab00ffff0000000
g1163	2	否	2aaaa83ffffc006d000afae07fb9bd2424142ffff02eaab02c00b02ffff02eaab0000000
g1164	2	妻	2aaea83ffffc0aaea40aaeb8bffffe0aaeb80afaa4bffffe07e2d06affe93fa5bc000000
g1165	2	看	2aaff81abaa41ffff86abaa96aeaa907fff86faab837aab803fff803aab803aab8000000
g1166	2	憩	2ad1d01b9bfcbffbac2b9bac3aebfc3febac2a9aa82aee182ec9bc7aeaee21ffd9000000
g1167	2	旧	2cbffc2cbaac2cb02c2cb02c2cbffc2cbaac2cb02c2cb02c2cbaac2cbffc2cb02c000000
g1168	2	掘	2cfffe2ceaaebfeaae6efffe2eead82feeecbceffc6ce2c02deece6eeffe38aeae000000
g1169	2	恩	2ffff82ebab82effb82ebeb82ddb782ffff81aaaa42aee182ec9bc7aeaee21ffd9000000
g1170	2	肪	3fc2c03adae93aeffe3fcb003acbfc3acbac3fcb2c3acb2c7ace2cb6eebc2388f4000000
g1171	2	践	3fcb783acbb83aeffd3fdba42b9ff83b8ba83beffd3b1ae87bc2f8beabfa601e3d000000
g1172	2	謀	3fce382abffebfeeb96a9ff83fceb82a8ae42abffe3febf93adff83feeed3a86c4000000
g1173	2	励	3ff2c03aa2c03aa6e93ffbfe3b82ce3bf2ce3bb28e3bb38e3bb74ebabbae66e6b8000000
g1174	2	黙	3ff8ed3aa8e93ffffe3aaae92aa5e03ffaf42aabb8bffb2d6a96182ceb6c64a34d000000
g1175	2	弄	3ffffc2aaea82ffff81aaea4bffffe6aeae96aeae8bffffc0782c02f42c01d02c0000000
g1176	2	厚	3ffffe3aaaa93afff83aeab83aeab83afff838aaa038aae07bfffeb6aba9202f40000000
g1177	2	玩	6a2aa4bf3ff82c00002c6aa8bfbffc6e2ce02c2ce02e38e0bfb4e966e0ee0180bd000000
g1178	2	到	6aa42cbffbac0e53ac2cb3acbffbac6ba3ac2ba7ac3ffbac03802c6bfdacbfa8f8000000
g1179	2	致	6aa4d0bff9e02c62fe7ab7eebfbbee0381ed2ba0bc3ff0b80381f86bfbeebfa648000000
g1180	2	刑	6aa80ebffece2cb2ce2cb2ce6ebacebffece2cb2ce2cb2ce38b00eb8b0ae20b0bd000000
g1181	2	亜	6aaaa9bffffe00e3802aeba93ffffe38e38e3aebae3ffffe00e3806aeba9bffffe000000
g1182	2	妄	6aaea9bffffe0e00000ffff806baa46afaa9bffffe0781e00bfb806abfe43fa0bd000000
g1183	2	審	6aaea9bffffeb002ae1ffff4076dd0bffffe6e6db93ffffc0eaeb00eaeb00ffff0000000
g1184	2	莫	6aeba9bffffe0aeba00eaab00ffff00eaab00abaa03ffffc2affa86fd7f92a00a8000000
g1185	2	蘇	6aeba9bffffe1982542fdffd768ae0bfeffebaebf9bae7f8bfeaed65adedbae4e4000000
g1186	2	蔑	6aeba9bffffe1aeba42eebb82ffff82aaeb83fffee3b4ea47a8bd4b1beee20a4bd000000
g1187	2	熟	6ba380bffff82a9bb83aebb82a9b782adaf9bfee7a1b9c2d1a9a142ceb6c64a34d000000
g1188	2	税	6ba4287e6db40e3ffcbfbaac6e782c2f7ffc3faee8be5ee06e2ce90eb8ee0e60bd000000
g1189	2	誓	6ba6b86baba9bfabfe2b9e381faab46aaaa96aaaa91aaaa42ffff82eaab82eaab8000000
g1190	2	額	6baffebffae9aeaffc7feeac2edffc1f8eacb9fffc7feeac3aeffc3feb693aae19000000
g1191	2	勤	6ee2c0bff2c01986e9bffbfebbb2cebff2ce6ba28e6ba38e3fe74e6babaebea6b8000000
g1192	2	靱	7adaa8bfeffc3ac3ac2b83acbfebacbaefacbfe7ac6b9bfdbfeb6e6baebc0b18b4000000
g1193	2	靴	7b4ae0bf8ee03b2de02e3ce4bffceeaebcf8bface06e6ce0bface96e6cee2c2cbd000000
g1194	2	隣	bf2addbb6eedbabffeba6ae9bd22c8bab9adbbbefebbeeacbeaefeb529adb0742c000000
g1195	2	陥	bf8380bb8bfcb77eb8ba19e0ba3bfeb77baeb3bbaeb7bbfebb7b8eb53baeb03bfe000000
g1196	2	陸	bf8380bbbffcb76ba8babffeba6ee9b7befeb3a3a8b7bffcbb6ba8b56ba9b0bffe000000
g1197	2	恥	bfe2807ad6f43ac0503fcb043aeb283feb2c3afb1d3aeb147fcb2c7acbac02c7f8000000
g1198	2	駐	bff280bba1d0bfeffebb9ae9bfe0e0bba6e8bffbfc59b0e0aeb0e0aebae950effe000000
g1199	2	副	bffe0e6aa9ee3ffcee3aacee3ffcee6aa9eebffeeebaeeeebaee0ebffe2ebaa92d000000
g1200	0	貢	0ffff00abaa0bffffe6aaaa92ffff82eaab82eaab82ffff82eaab81faaf47e82bd000000
g1201	0	献	6ba8b4bffcb90380babffeb9baaffebaecb0bffcb4bbacf8bffeecb3afeeb3b988000000
g1202	0	師	0a0ffe3feae93aeffe3aeeee3feeee3a9eee3feeee38eeee3aeeee3fe9e83800e0000000
g1203	0	泣	2803801e6ba825bffc7800241d38380028380a2cb00e1db02d0ea078aae924fffe000000
g1204	0	委	1fffe00aaea43ffffc2affa86baef979682d6afaa9bffffe07e2d06affe93fa5bc000000
g1205	0	梯	0b0a740b1bb83feffc2b9aec0faffc2ffae97b7ffe1b0bce0b2fee0b7ad80b12c0000000
g1206	0	即	3ff3fe3ab3ae3ab38e3ff38e38b38e3ff38e3aa38e38a3ae38b7ad7fff80ba6780000000
g1207	0	伴	02538407f3ac0b3bb82e17a07ebffc6e6ba80eaba90efffe0e03800e03800e0380000000
g1208	0	＊	00000000000001d34000eb0006be900bffe000be0001eb40018240000000000000000000
g1209	0	＄	00690001ff8003a9e003a84001f900006f80002ad00768e002ead000bf40002800001400
g1210	0	痢	1aaea96ffffebc09097efe0e2db8aebfffaeaebeae39feae7bbfaeb27a6e20383d000000
g1211	0	又	3ffff02aaab00a00b00b00e00782d002d78001ff4000be0006eb906f82f9290068000000
g1212	0	涙	2afffe1eaaa914fffeb4eaae28fffe00eae90deae92efffe2ad7e07befbd719928000000
g1213	2	蒼	6baae96bbee902eb806faab92eaaa80eaae00eaae02eaa902bfff0b780b013fff0000000
